<?xml version="1.0" encoding="UTF-8"?><rss version="2.0"
	xmlns:content="http://purl.org/rss/1.0/modules/content/"
	xmlns:wfw="http://wellformedweb.org/CommentAPI/"
	xmlns:dc="http://purl.org/dc/elements/1.1/"
	xmlns:atom="http://www.w3.org/2005/Atom"
	xmlns:sy="http://purl.org/rss/1.0/modules/syndication/"
	xmlns:slash="http://purl.org/rss/1.0/modules/slash/"
	>

<channel>
	<title>INDIAN &#8211; Chicken Recipe Today</title>
	<atom:link href="/category/indian/feed/" rel="self" type="application/rss+xml" />
	<link>/</link>
	<description>Today Chicken Yesterday Chicken</description>
	<lastBuildDate>Fri, 11 Nov 2022 14:50:13 +0000</lastBuildDate>
	<language>en-US</language>
	<sy:updatePeriod>
	hourly	</sy:updatePeriod>
	<sy:updateFrequency>
	1	</sy:updateFrequency>
	<generator>https://wordpress.org/?v=6.1</generator>
	<item>
		<title>How to Cook Indian Chicken Curry (Murgh Kari) &#8211; Food Recipe</title>
		<link>/how-to-cook-indian-chicken-curry-murgh-kari-food-recipe/</link>
					<comments>/how-to-cook-indian-chicken-curry-murgh-kari-food-recipe/#respond</comments>
		
		<dc:creator><![CDATA[Mia]]></dc:creator>
		<pubDate>Fri, 11 Nov 2022 14:50:13 +0000</pubDate>
				<category><![CDATA[INDIAN]]></category>
		<guid isPermaLink="false">/how-to-cook-indian-chicken-curry-murgh-kari-food-recipe/</guid>

					<description><![CDATA[<p>Ingredients: 2 pounds skinless, boneless chicken breast halves 2 teaspoons salt ½ cup cooking oil 1 ½ cups chopped onion&#160;[&#8230;]</p>
<p>The post <a rel="nofollow" href="/how-to-cook-indian-chicken-curry-murgh-kari-food-recipe/">How to Cook Indian Chicken Curry (Murgh Kari) &#8211; Food Recipe</a> appeared first on <a rel="nofollow" href="/">Chicken Recipe Today</a>.</p>
]]></description>
										<content:encoded><![CDATA[<p><img decoding="async" src="https://imagesvc.meredithcorp.io/v3/mm/image?url=https%3A%2F%2Fpublic-assets.meredithcorp.io%2Ff9c115f01ae5ae1e43d3c32c5d9fc50b%2F1664242175014fish.jpg&#038;q=60&#038;c=sc&#038;orient=true&#038;poi=auto&#038;h=512" alt="Indian Chicken Curry (Murgh Kari) recipe" /></p>
<h2>Ingredients:</h2>
<p>2 pounds skinless, boneless chicken breast halves</p>
<p>2 teaspoons salt</p>
<p>½ cup cooking oil</p>
<p>1 ½ cups chopped onion</p>
<p>1 tablespoon minced garlic</p>
<p>1 ½ teaspoons minced fresh ginger root</p>
<p>1 tablespoon curry powder</p>
<p>1 teaspoon ground cumin</p>
<p>1 teaspoon ground turmeric</p>
<p>1 teaspoon ground coriander</p>
<p>1 teaspoon cayenne pepper</p>
<p>1 tablespoon water</p>
<p>1 (15 ounce) can crushed tomatoes</p>
<p>1 cup plain yogurt</p>
<p>1 tablespoon chopped fresh cilantro</p>
<p>1 teaspoon salt</p>
<p>½ cup water</p>
<p>1 teaspoon garam masala</p>
<p>1 tablespoon chopped fresh cilantro</p>
<p>1 tablespoon fresh lemon juice</p>
<h2>How to Make Indian Chicken Curry (Murgh Kari)</h2>
<p>Sprinkle the chicken breasts with 2 teaspoons salt.</p>
<p>Heat oil in a large skillet over high heat; partially cook the chicken in the hot oil in batches until completely browned on all sides. Transfer browned chicken breasts to a plate and set aside.</p>
<p>Reduce the heat to medium and add onion, garlic, and ginger to the oil remaining in the skillet. Cook and stir until onion turns soft and translucent, 5 to 8 minutes. Stir curry powder, cumin, turmeric, coriander, cayenne, and 1 tablespoon of water into the onion mixture; allow to heat together for about 1 minute while stirring. Add tomatoes, yogurt, 1 tablespoon chopped cilantro, and 1 teaspoon salt to the mixture; stir to combine.</p>
<p>Return chicken breast to the skillet along with any juices on the plate. Pour in 1/2 cup water and bring to a boil, turning the chicken to coat with the sauce. Sprinkle garam masala and 1 tablespoon cilantro over the chicken.</p>
<p>Cover the skillet and simmer until chicken breasts are no longer pink in the center and the juices run clear, about 20 minutes. An instant-read thermometer inserted into the center should read at least 165 degrees F (74 degrees C). Drizzle with lemon juice to serve.</p>
<p>DOTDASH MEREDITH FOOD STUDIO</p>
<h2>Nutrition</h2>
<p>427<br />
Calories<br />
24g<br />
Fat<br />
15g<br />
Carbs<br />
38g<br />
Protein</p>
<h2>More Details</h2>
<p>Prep Time:<br />
20 mins<br />
Cook Time:<br />
40 mins<br />
Total Time:<br />
1 hrs<br />
Servings:<br />
6<br />
Yield:<br />
6 servings</p>
<p>&nbsp;</p>
<p>Source: allrecipes.com</p>
<p>&nbsp;</p>
<p>&nbsp;</p>
<p>The post <a rel="nofollow" href="/how-to-cook-indian-chicken-curry-murgh-kari-food-recipe/">How to Cook Indian Chicken Curry (Murgh Kari) &#8211; Food Recipe</a> appeared first on <a rel="nofollow" href="/">Chicken Recipe Today</a>.</p>
]]></content:encoded>
					
					<wfw:commentRss>/how-to-cook-indian-chicken-curry-murgh-kari-food-recipe/feed/</wfw:commentRss>
			<slash:comments>0</slash:comments>
		
		
			</item>
	</channel>
</rss>
