<?xml version="1.0" encoding="UTF-8"?><rss version="2.0"
	xmlns:content="http://purl.org/rss/1.0/modules/content/"
	xmlns:wfw="http://wellformedweb.org/CommentAPI/"
	xmlns:dc="http://purl.org/dc/elements/1.1/"
	xmlns:atom="http://www.w3.org/2005/Atom"
	xmlns:sy="http://purl.org/rss/1.0/modules/syndication/"
	xmlns:slash="http://purl.org/rss/1.0/modules/slash/"
	>

<channel>
	<title>CHINESE &#8211; Chicken Recipe Today</title>
	<atom:link href="/category/chinese/feed/" rel="self" type="application/rss+xml" />
	<link>/</link>
	<description>Today Chicken Yesterday Chicken</description>
	<lastBuildDate>Fri, 11 Nov 2022 14:50:17 +0000</lastBuildDate>
	<language>en-US</language>
	<sy:updatePeriod>
	hourly	</sy:updatePeriod>
	<sy:updateFrequency>
	1	</sy:updateFrequency>
	<generator>https://wordpress.org/?v=6.1</generator>
	<item>
		<title>How to Cook Asian Orange Chicken &#8211; Food Recipe</title>
		<link>/how-to-cook-asian-orange-chicken-food-recipe/</link>
					<comments>/how-to-cook-asian-orange-chicken-food-recipe/#respond</comments>
		
		<dc:creator><![CDATA[Mia]]></dc:creator>
		<pubDate>Fri, 11 Nov 2022 14:50:17 +0000</pubDate>
				<category><![CDATA[CHINESE]]></category>
		<guid isPermaLink="false">/how-to-cook-asian-orange-chicken-food-recipe/</guid>

					<description><![CDATA[<p>Ingredients: 1 ½ cups water ⅓ cup rice vinegar ¼ cup lemon juice 2 ½ tablespoons soy sauce 2 tablespoons&#160;[&#8230;]</p>
<p>The post <a rel="nofollow" href="/how-to-cook-asian-orange-chicken-food-recipe/">How to Cook Asian Orange Chicken &#8211; Food Recipe</a> appeared first on <a rel="nofollow" href="/">Chicken Recipe Today</a>.</p>
]]></description>
										<content:encoded><![CDATA[<p><img decoding="async" src="https://imagesvc.meredithcorp.io/v3/mm/image?url=https%3A%2F%2Fpublic-assets.meredithcorp.io%2Fb681a399af63c4462bee9b9f3dc56aba%2F1656284680orange.jpg&#038;q=60&#038;c=sc&#038;orient=true&#038;poi=auto&#038;h=512" alt="Asian Orange Chicken recipe" /></p>
<h2>Ingredients:</h2>
<p>1 ½ cups water</p>
<p>⅓ cup rice vinegar</p>
<p>¼ cup lemon juice</p>
<p>2 ½ tablespoons soy sauce</p>
<p>2 tablespoons orange juice</p>
<p>1 cup packed brown sugar</p>
<p>2 tablespoons chopped green onion</p>
<p>1 tablespoon grated orange zest</p>
<p>½ teaspoon minced fresh ginger root</p>
<p>½ teaspoon minced garlic</p>
<p>¼ teaspoon red pepper flakes</p>
<p>3 tablespoons cornstarch</p>
<p>2 tablespoons water</p>
<h2>How to Make Asian Orange Chicken</h2>
<p>Combine water, rice vinegar, lemon juice, soy sauce, and orange juice for sauce into a saucepan over medium-high heat. Stir in brown sugar, green onion, orange zest, ginger, garlic, and pepper flakes; bring to a boil. Remove from heat, and cool for 10 to 15 minutes.</p>
<p>Place chicken in a resealable plastic bag. Pour in 1 cup cooled sauce. Seal the bag, and refrigerate for at least 2 hours. Reserve the remaining sauce.</p>
<p>Mix flour, salt, and pepper in another resealable plastic bag.</p>
<p>Remove chicken from the marinade and place into the bag of seasoned flour. Seal the bag and shake to coat.</p>
<p>Heat the olive oil in a large skillet over medium heat. Cook chicken in the hot skillet until browned on both sides. Remove to a paper towel-lined plate and cover with aluminum foil. Wipe out the skillet.</p>
<p>Pour reserved sauce into the skillet and bring to a boil over medium-high heat.</p>
<p>Mix together cornstarch and water until completely smooth. Stir into the boiling sauce. Reduce heat to medium-low, add the chicken, and simmer, stirring occasionally, until cooked through, about 5 minutes.</p>
<p>DOTDASH MEREDITH FOOD STUDIOS</p>
<h2>Nutrition</h2>
<p>445<br />
Calories<br />
11g<br />
Fat<br />
69g<br />
Carbs<br />
18g<br />
Protein</p>
<h2>More Details</h2>
<p>Prep Time:<br />
20 mins<br />
Cook Time:<br />
20 mins<br />
Additional Time:<br />
2 hrs 10 mins<br />
Total Time:<br />
2 hrs 50 mins<br />
Servings:<br />
4</p>
<p>&nbsp;</p>
<p>Source: allrecipes.com</p>
<p>&nbsp;</p>
<p>&nbsp;</p>
<p>The post <a rel="nofollow" href="/how-to-cook-asian-orange-chicken-food-recipe/">How to Cook Asian Orange Chicken &#8211; Food Recipe</a> appeared first on <a rel="nofollow" href="/">Chicken Recipe Today</a>.</p>
]]></content:encoded>
					
					<wfw:commentRss>/how-to-cook-asian-orange-chicken-food-recipe/feed/</wfw:commentRss>
			<slash:comments>0</slash:comments>
		
		
			</item>
	</channel>
</rss>
