<?xml version="1.0" encoding="UTF-8"?><rss version="2.0"
	xmlns:content="http://purl.org/rss/1.0/modules/content/"
	xmlns:wfw="http://wellformedweb.org/CommentAPI/"
	xmlns:dc="http://purl.org/dc/elements/1.1/"
	xmlns:atom="http://www.w3.org/2005/Atom"
	xmlns:sy="http://purl.org/rss/1.0/modules/syndication/"
	xmlns:slash="http://purl.org/rss/1.0/modules/slash/"
	>

<channel>
	<title>MEAT AND POULTRY &#8211; Chicken Recipe Today</title>
	<atom:link href="/category/meat-and-poultry/feed/" rel="self" type="application/rss+xml" />
	<link>/</link>
	<description>Today Chicken Yesterday Chicken</description>
	<lastBuildDate>Fri, 11 Nov 2022 14:50:19 +0000</lastBuildDate>
	<language>en-US</language>
	<sy:updatePeriod>
	hourly	</sy:updatePeriod>
	<sy:updateFrequency>
	1	</sy:updateFrequency>
	<generator>https://wordpress.org/?v=6.1</generator>
	<item>
		<title>How to Cook Rotisserie Chicken &#8211; Food Recipe</title>
		<link>/how-to-cook-rotisserie-chicken-food-recipe/</link>
					<comments>/how-to-cook-rotisserie-chicken-food-recipe/#respond</comments>
		
		<dc:creator><![CDATA[Mia]]></dc:creator>
		<pubDate>Fri, 11 Nov 2022 14:50:19 +0000</pubDate>
				<category><![CDATA[MEAT AND POULTRY]]></category>
		<guid isPermaLink="false">/how-to-cook-rotisserie-chicken-food-recipe/</guid>

					<description><![CDATA[<p>Ingredients: 1 (3 pound) whole chicken 1 pinch salt ¼ cup butter, melted 1 tablespoon salt 1 tablespoon ground paprika&#160;[&#8230;]</p>
<p>The post <a rel="nofollow" href="/how-to-cook-rotisserie-chicken-food-recipe/">How to Cook Rotisserie Chicken &#8211; Food Recipe</a> appeared first on <a rel="nofollow" href="/">Chicken Recipe Today</a>.</p>
]]></description>
										<content:encoded><![CDATA[<p><img decoding="async" src="https://imagesvc.meredithcorp.io/v3/mm/image?url=https%3A%2F%2Fimages.media-allrecipes.com%2Fuserphotos%2F9247690.jpg&#038;q=60&#038;c=sc&#038;orient=true&#038;poi=auto&#038;h=512" alt="Rotisserie Chicken recipe" /></p>
<h2>Ingredients:</h2>
<p>1 (3 pound) whole chicken</p>
<p>1 pinch salt</p>
<p>¼ cup butter, melted</p>
<p>1 tablespoon salt</p>
<p>1 tablespoon ground paprika</p>
<p>¼ tablespoon ground black pepper</p>
<h2>How to Make Rotisserie Chicken</h2>
<p>Preheat an outdoor grill for high heat and lightly oil the grate.</p>
<p>Season chicken cavity with a pinch of salt. Tie legs together with kitchen string; then tie wings to the bird. Secure chicken on a rotisserie attachment.</p>
<p>Place rotisserie over the preheated grill and cook for 10 minutes.</p>
<p>Meanwhile, quickly mix together butter, 1 tablespoon of salt, paprika, and pepper. Turn the grill down to medium and baste chicken with butter mixture.</p>
<p>Close the lid and cook over medium heat, basting occasionally, until chicken is cooked through and the internal temperature reaches 180 degrees F (83 degrees C), 1 to 1 1/2 hours.</p>
<p>Remove chicken from the rotisserie and let rest for 10 to 15 minutes before carving.</p>
<h2>Nutrition</h2>
<p>357<br />
Calories<br />
25g<br />
Fat<br />
1g<br />
Carbs<br />
31g<br />
Protein</p>
<h2>More Details</h2>
<p>Prep Time:<br />
10 mins<br />
Cook Time:<br />
1 hrs 10 mins<br />
Additional Time:<br />
10 mins<br />
Total Time:<br />
1 hrs 30 mins<br />
Servings:<br />
6</p>
<p>&nbsp;</p>
<p>Source: allrecipes.com</p>
<p>&nbsp;</p>
<p>&nbsp;</p>
<p>The post <a rel="nofollow" href="/how-to-cook-rotisserie-chicken-food-recipe/">How to Cook Rotisserie Chicken &#8211; Food Recipe</a> appeared first on <a rel="nofollow" href="/">Chicken Recipe Today</a>.</p>
]]></content:encoded>
					
					<wfw:commentRss>/how-to-cook-rotisserie-chicken-food-recipe/feed/</wfw:commentRss>
			<slash:comments>0</slash:comments>
		
		
			</item>
		<item>
		<title>How to Cook Juicy Roasted Chicken &#8211; Food Recipe</title>
		<link>/how-to-cook-juicy-roasted-chicken-food-recipe/</link>
					<comments>/how-to-cook-juicy-roasted-chicken-food-recipe/#respond</comments>
		
		<dc:creator><![CDATA[Mia]]></dc:creator>
		<pubDate>Fri, 11 Nov 2022 14:50:17 +0000</pubDate>
				<category><![CDATA[MEAT AND POULTRY]]></category>
		<guid isPermaLink="false">/how-to-cook-juicy-roasted-chicken-food-recipe/</guid>

					<description><![CDATA[<p>Ingredients: 1 (3 pound) whole chicken, giblets removed salt and black pepper to taste 1 tablespoon onion powder, or to&#160;[&#8230;]</p>
<p>The post <a rel="nofollow" href="/how-to-cook-juicy-roasted-chicken-food-recipe/">How to Cook Juicy Roasted Chicken &#8211; Food Recipe</a> appeared first on <a rel="nofollow" href="/">Chicken Recipe Today</a>.</p>
]]></description>
										<content:encoded><![CDATA[<p><img decoding="async" src="https://imagesvc.meredithcorp.io/v3/mm/image?url=https%3A%2F%2Fpublic-assets.meredithcorp.io%2Fbdf865b4d77722a35014031c737edd61%2F1661815195PXL_20220829_231732934.jpg&#038;q=60&#038;c=sc&#038;orient=true&#038;poi=auto&#038;h=512" alt="Juicy Roasted Chicken recipe" /></p>
<h2>Ingredients:</h2>
<p>1 (3 pound) whole chicken, giblets removed</p>
<p>salt and black pepper to taste</p>
<p>1 tablespoon onion powder, or to taste</p>
<p>½ cup butter or margarine</p>
<p>1 stalk celery, leaves removed</p>
<h2>How to Make Juicy Roasted Chicken</h2>
<p>Preheat the oven to 350 degrees F (175 degrees C).</p>
<p>Place chicken in a roasting pan; season generously inside and out with onion powder, salt, and pepper. Place 3 tablespoons of butter in chicken cavity; arrange dollops of remaining butter on the outside of chicken. Cut celery into 3 or 4 pieces; place in the chicken cavity.</p>
<p>Bake chicken uncovered in the preheated oven until no longer pink at the bone and the juices run clear, about 1 hour and 15 minutes. An instant-read thermometer inserted into the thickest part of the thigh, near the bone, should read 165 degrees F (74 degrees C).</p>
<p>Remove from the oven and baste with drippings. Cover with aluminum foil and allow to rest for about 30 minutes before serving.</p>
<p>MEREDITH FOOD STUDIO</p>
<h2>Nutrition</h2>
<p>423<br />
Calories<br />
32g<br />
Fat<br />
1g<br />
Carbs<br />
31g<br />
Protein</p>
<h2>More Details</h2>
<p>Prep Time:<br />
15 mins<br />
Cook Time:<br />
1 hrs 15 mins<br />
Additional Time:<br />
30 mins<br />
Total Time:<br />
2 hrs<br />
Servings:<br />
6</p>
<p>&nbsp;</p>
<p>Source: allrecipes.com</p>
<p>&nbsp;</p>
<p>&nbsp;</p>
<p>The post <a rel="nofollow" href="/how-to-cook-juicy-roasted-chicken-food-recipe/">How to Cook Juicy Roasted Chicken &#8211; Food Recipe</a> appeared first on <a rel="nofollow" href="/">Chicken Recipe Today</a>.</p>
]]></content:encoded>
					
					<wfw:commentRss>/how-to-cook-juicy-roasted-chicken-food-recipe/feed/</wfw:commentRss>
			<slash:comments>0</slash:comments>
		
		
			</item>
		<item>
		<title>How to Cook Best Chicken Salad &#8211; Food Recipe</title>
		<link>/how-to-cook-best-chicken-salad-food-recipe/</link>
					<comments>/how-to-cook-best-chicken-salad-food-recipe/#respond</comments>
		
		<dc:creator><![CDATA[Mia]]></dc:creator>
		<pubDate>Fri, 11 Nov 2022 14:50:17 +0000</pubDate>
				<category><![CDATA[MEAT AND POULTRY]]></category>
		<guid isPermaLink="false">/how-to-cook-best-chicken-salad-food-recipe/</guid>

					<description><![CDATA[<p>Ingredients: ½ cup blanched slivered almonds ½ cup mayonnaise 1 tablespoon lemon juice ¼ teaspoon ground black pepper 2 cups&#160;[&#8230;]</p>
<p>The post <a rel="nofollow" href="/how-to-cook-best-chicken-salad-food-recipe/">How to Cook Best Chicken Salad &#8211; Food Recipe</a> appeared first on <a rel="nofollow" href="/">Chicken Recipe Today</a>.</p>
]]></description>
										<content:encoded><![CDATA[<p><img decoding="async" src="https://imagesvc.meredithcorp.io/v3/mm/image?url=https%3A%2F%2Fpublic-assets.meredithcorp.io%2F8af315130ec81aca08d47c5ab3aa3a39%2F1647806387ChickenSalad.jpg&#038;q=60&#038;c=sc&#038;orient=true&#038;poi=auto&#038;h=512" alt="Best Chicken Salad recipe" /></p>
<h2>Ingredients:</h2>
<p>½ cup blanched slivered almonds</p>
<p>½ cup mayonnaise</p>
<p>1 tablespoon lemon juice</p>
<p>¼ teaspoon ground black pepper</p>
<p>2 cups chopped, cooked chicken meat</p>
<p>1 stalk celery, chopped</p>
<h2>How to Make Best Chicken Salad</h2>
<p>Place almonds in a frying pan. Toast over medium-high heat, shaking frequently. Watch carefully, as they burn easily.</p>
<p>Mix together mayonnaise, lemon juice, and pepper in a medium bowl. Toss with chicken, toasted almonds, and celery.</p>
<p>DOTDASH MEREDITH FOOD STUDIOS</p>
<h2>Nutrition</h2>
<p>779<br />
Calories<br />
63g<br />
Fat<br />
8g<br />
Carbs<br />
44g<br />
Protein</p>
<h2>More Details</h2>
<p>Prep Time:<br />
5 mins<br />
Cook Time:<br />
5 mins<br />
Total Time:<br />
10 mins<br />
Servings:<br />
2</p>
<p>&nbsp;</p>
<p>Source: allrecipes.com</p>
<p>&nbsp;</p>
<p>&nbsp;</p>
<p>The post <a rel="nofollow" href="/how-to-cook-best-chicken-salad-food-recipe/">How to Cook Best Chicken Salad &#8211; Food Recipe</a> appeared first on <a rel="nofollow" href="/">Chicken Recipe Today</a>.</p>
]]></content:encoded>
					
					<wfw:commentRss>/how-to-cook-best-chicken-salad-food-recipe/feed/</wfw:commentRss>
			<slash:comments>0</slash:comments>
		
		
			</item>
		<item>
		<title>How to Cook Cornish Game Hens with Garlic and Rosemary &#8211; Food Recipe</title>
		<link>/how-to-cook-cornish-game-hens-with-garlic-and-rosemary-food-recipe/</link>
					<comments>/how-to-cook-cornish-game-hens-with-garlic-and-rosemary-food-recipe/#respond</comments>
		
		<dc:creator><![CDATA[Mia]]></dc:creator>
		<pubDate>Fri, 11 Nov 2022 14:50:17 +0000</pubDate>
				<category><![CDATA[MEAT AND POULTRY]]></category>
		<guid isPermaLink="false">/how-to-cook-cornish-game-hens-with-garlic-and-rosemary-food-recipe/</guid>

					<description><![CDATA[<p>Ingredients: 4 Cornish game hens 3 tablespoons olive oil, divided salt and pepper to taste 1 lemon, quartered 8 sprigs&#160;[&#8230;]</p>
<p>The post <a rel="nofollow" href="/how-to-cook-cornish-game-hens-with-garlic-and-rosemary-food-recipe/">How to Cook Cornish Game Hens with Garlic and Rosemary &#8211; Food Recipe</a> appeared first on <a rel="nofollow" href="/">Chicken Recipe Today</a>.</p>
]]></description>
										<content:encoded><![CDATA[<p><img decoding="async" src="https://imagesvc.meredithcorp.io/v3/mm/image?url=https%3A%2F%2Fpublic-assets.meredithcorp.io%2Fa56caf9b0797908b6911b0090c6ead76%2F16455886517D3A1BA7-746C-4FB2-996A-682296B0C3A4.jpeg&#038;q=60&#038;c=sc&#038;orient=true&#038;poi=auto&#038;h=512" alt="Cornish Game Hens with Garlic and Rosemary recipe" /></p>
<h2>Ingredients:</h2>
<p>4 Cornish game hens</p>
<p>3 tablespoons olive oil, divided</p>
<p>salt and pepper to taste</p>
<p>1 lemon, quartered</p>
<p>8 sprigs fresh rosemary, divided</p>
<p>24 cloves garlic</p>
<p>⅓ cup white wine</p>
<p>⅓ cup low-sodium chicken broth</p>
<h2>How to Make Cornish Game Hens with Garlic and Rosemary</h2>
<p>Preheat the oven to 450 degrees F (230 degrees C). Rub hens with 1 tablespoon olive oil; lightly season with salt and pepper. Stuff 1 lemon quarter and 1 rosemary sprig into each cavity. Place hens in a large, heavy roasting pan and arrange garlic cloves around them.</p>
<p>Roast in the preheated oven for 25 minutes. Meanwhile, whisk wine, chicken broth, and remaining 2 tablespoons olive oil together in a small bowl.</p>
<p>Remove hens from the oven; reduce the oven temperature to 350 degrees F (175 degrees C). Pour wine mixture over the hens and continue roasting, basting with pan juices every 10 minutes, until hens are golden brown and juices run clear, about 25 more minutes. An instant-read thermometer inserted near the bone should read 165 degrees F (74 degrees C).</p>
<p>Transfer hens to a platter, pouring any cavity juices into the roasting pan; discard lemons and rosemary. Tent hens with aluminum foil to keep warm.</p>
<p>Transfer pan juices and garlic cloves to a medium saucepan; boil until reduced to a sauce consistency, about 6 minutes.</p>
<p>Cut hens in half lengthwise and arrange two halves on each plate. Spoon sauce and roasted garlic on top. Garnish with remaining rosemary sprigs and serve.</p>
<p>LC206</p>
<h2>Nutrition</h2>
<p>814<br />
Calories<br />
58g<br />
Fat<br />
10g<br />
Carbs<br />
59g<br />
Protein</p>
<h2>More Details</h2>
<p>Prep Time:<br />
20 mins<br />
Cook Time:<br />
1 hrs<br />
Total Time:<br />
1 hrs 20 mins<br />
Servings:<br />
4<br />
Yield:<br />
4 hens</p>
<p>&nbsp;</p>
<p>Source: allrecipes.com</p>
<p>&nbsp;</p>
<p>&nbsp;</p>
<p>The post <a rel="nofollow" href="/how-to-cook-cornish-game-hens-with-garlic-and-rosemary-food-recipe/">How to Cook Cornish Game Hens with Garlic and Rosemary &#8211; Food Recipe</a> appeared first on <a rel="nofollow" href="/">Chicken Recipe Today</a>.</p>
]]></content:encoded>
					
					<wfw:commentRss>/how-to-cook-cornish-game-hens-with-garlic-and-rosemary-food-recipe/feed/</wfw:commentRss>
			<slash:comments>0</slash:comments>
		
		
			</item>
		<item>
		<title>How to Cook Easy Lemon-Pepper Chicken Wings &#8211; Food Recipe</title>
		<link>/how-to-cook-easy-lemon-pepper-chicken-wings-food-recipe/</link>
					<comments>/how-to-cook-easy-lemon-pepper-chicken-wings-food-recipe/#respond</comments>
		
		<dc:creator><![CDATA[Mia]]></dc:creator>
		<pubDate>Fri, 11 Nov 2022 14:50:15 +0000</pubDate>
				<category><![CDATA[MEAT AND POULTRY]]></category>
		<guid isPermaLink="false">/how-to-cook-easy-lemon-pepper-chicken-wings-food-recipe/</guid>

					<description><![CDATA[<p>Ingredients: 2 cups oil, or as needed 2 tablespoons extra-virgin olive oil 1 tablespoon lemon-pepper seasoning 12 chicken wings How&#160;[&#8230;]</p>
<p>The post <a rel="nofollow" href="/how-to-cook-easy-lemon-pepper-chicken-wings-food-recipe/">How to Cook Easy Lemon-Pepper Chicken Wings &#8211; Food Recipe</a> appeared first on <a rel="nofollow" href="/">Chicken Recipe Today</a>.</p>
]]></description>
										<content:encoded><![CDATA[<p><img decoding="async" src="https://imagesvc.meredithcorp.io/v3/mm/image?url=https%3A%2F%2Fimages.media-allrecipes.com%2Fuserphotos%2F9254493.jpg&#038;q=60&#038;c=sc&#038;orient=true&#038;poi=auto&#038;h=512" alt="Easy Lemon-Pepper Chicken Wings recipe" /></p>
<h2>Ingredients:</h2>
<p>2 cups oil, or as needed</p>
<p>2 tablespoons extra-virgin olive oil</p>
<p>1 tablespoon lemon-pepper seasoning</p>
<p>12 chicken wings</p>
<h2>How to Make Easy Lemon-Pepper Chicken Wings</h2>
<p>Heat oil in a deep-fryer or large saucepan to 375 degrees F (190 degrees C).</p>
<p>Stir olive oil and lemon-pepper together in a bowl.</p>
<p>Fry wings in hot oil until no longer pink at the bone and the juices run clear, about 8 minutes; an instant-read thermometer inserted near the bone should read 165 degrees F (74 degrees C).</p>
<p>Toss hot wings with lemon-pepper mixture to coat.</p>
<h2>Nutrition</h2>
<p>1181<br />
Calories<br />
123g<br />
Fat<br />
0g<br />
Carbs<br />
21g<br />
Protein</p>
<h2>More Details</h2>
<p>Prep Time:<br />
10 mins<br />
Cook Time:<br />
10 mins<br />
Total Time:<br />
20 mins<br />
Servings:<br />
4<br />
Yield:<br />
12 chicken wings</p>
<p>&nbsp;</p>
<p>Source: allrecipes.com</p>
<p>&nbsp;</p>
<p>&nbsp;</p>
<p>The post <a rel="nofollow" href="/how-to-cook-easy-lemon-pepper-chicken-wings-food-recipe/">How to Cook Easy Lemon-Pepper Chicken Wings &#8211; Food Recipe</a> appeared first on <a rel="nofollow" href="/">Chicken Recipe Today</a>.</p>
]]></content:encoded>
					
					<wfw:commentRss>/how-to-cook-easy-lemon-pepper-chicken-wings-food-recipe/feed/</wfw:commentRss>
			<slash:comments>0</slash:comments>
		
		
			</item>
		<item>
		<title>How to Cook Honey-Garlic Slow Cooker Chicken Thighs &#8211; Food Recipe</title>
		<link>/how-to-cook-honey-garlic-slow-cooker-chicken-thighs-food-recipe/</link>
					<comments>/how-to-cook-honey-garlic-slow-cooker-chicken-thighs-food-recipe/#respond</comments>
		
		<dc:creator><![CDATA[Mia]]></dc:creator>
		<pubDate>Fri, 11 Nov 2022 14:50:15 +0000</pubDate>
				<category><![CDATA[MEAT AND POULTRY]]></category>
		<guid isPermaLink="false">/how-to-cook-honey-garlic-slow-cooker-chicken-thighs-food-recipe/</guid>

					<description><![CDATA[<p>Ingredients: 4 skinless, boneless chicken thighs ½ cup soy sauce ½ cup ketchup ⅓ cup honey 3 cloves garlic, minced&#160;[&#8230;]</p>
<p>The post <a rel="nofollow" href="/how-to-cook-honey-garlic-slow-cooker-chicken-thighs-food-recipe/">How to Cook Honey-Garlic Slow Cooker Chicken Thighs &#8211; Food Recipe</a> appeared first on <a rel="nofollow" href="/">Chicken Recipe Today</a>.</p>
]]></description>
										<content:encoded><![CDATA[<p><img decoding="async" src="https://imagesvc.meredithcorp.io/v3/mm/image?url=https%3A%2F%2Fpublic-assets.meredithcorp.io%2Fe867c28cd77c107f29c235f2afabd71f%2F1658796251IMG_5416.jpeg&#038;q=60&#038;c=sc&#038;orient=true&#038;poi=auto&#038;h=512" alt="Honey-Garlic Slow Cooker Chicken Thighs recipe" /></p>
<h2>Ingredients:</h2>
<p>4 skinless, boneless chicken thighs</p>
<p>½ cup soy sauce</p>
<p>½ cup ketchup</p>
<p>⅓ cup honey</p>
<p>3 cloves garlic, minced</p>
<p>1 teaspoon dried basil</p>
<h2>How to Make Honey-Garlic Slow Cooker Chicken Thighs</h2>
<p>Arrange chicken thighs in a single layer in the bottom of a 4-quart slow cooker.</p>
<p>Whisk soy sauce, ketchup, honey, garlic, and basil together in a bowl; pour over chicken thighs.</p>
<p>Cover and cook on Low for 6 hours or High for 3 to 4 hours.</p>
<p>Photo by Sherri.</p>
<h2>Nutrition</h2>
<p>325<br />
Calories<br />
12g<br />
Fat<br />
34g<br />
Carbs<br />
22g<br />
Protein</p>
<h2>More Details</h2>
<p>Prep Time:<br />
10 mins<br />
Cook Time:<br />
3 hrs<br />
Total Time:<br />
3 hrs 10 mins<br />
Servings:<br />
4</p>
<p>&nbsp;</p>
<p>Source: allrecipes.com</p>
<p>&nbsp;</p>
<p>&nbsp;</p>
<p>The post <a rel="nofollow" href="/how-to-cook-honey-garlic-slow-cooker-chicken-thighs-food-recipe/">How to Cook Honey-Garlic Slow Cooker Chicken Thighs &#8211; Food Recipe</a> appeared first on <a rel="nofollow" href="/">Chicken Recipe Today</a>.</p>
]]></content:encoded>
					
					<wfw:commentRss>/how-to-cook-honey-garlic-slow-cooker-chicken-thighs-food-recipe/feed/</wfw:commentRss>
			<slash:comments>0</slash:comments>
		
		
			</item>
		<item>
		<title>How to Cook Easy Baked Chicken Tenders &#8211; Food Recipe</title>
		<link>/how-to-cook-easy-baked-chicken-tenders-food-recipe/</link>
					<comments>/how-to-cook-easy-baked-chicken-tenders-food-recipe/#respond</comments>
		
		<dc:creator><![CDATA[Mia]]></dc:creator>
		<pubDate>Fri, 11 Nov 2022 14:50:15 +0000</pubDate>
				<category><![CDATA[MEAT AND POULTRY]]></category>
		<guid isPermaLink="false">/how-to-cook-easy-baked-chicken-tenders-food-recipe/</guid>

					<description><![CDATA[<p>Ingredients: cooking spray 1 large egg, beaten 1 ¼ cups panko bread crumbs 2 teaspoons garlic powder 1 teaspoon onion&#160;[&#8230;]</p>
<p>The post <a rel="nofollow" href="/how-to-cook-easy-baked-chicken-tenders-food-recipe/">How to Cook Easy Baked Chicken Tenders &#8211; Food Recipe</a> appeared first on <a rel="nofollow" href="/">Chicken Recipe Today</a>.</p>
]]></description>
										<content:encoded><![CDATA[<p><img decoding="async" src="https://imagesvc.meredithcorp.io/v3/mm/image?url=https%3A%2F%2Fpublic-assets.meredithcorp.io%2F49f128b080c601faca60fae4c3507559%2F1667522778601EFBC3581-17EC-476F-9ACF-19682CDAD86B.jpeg&#038;q=60&#038;c=sc&#038;orient=true&#038;poi=auto&#038;h=512" alt="Easy Baked Chicken Tenders recipe" /></p>
<h2>Ingredients:</h2>
<p>cooking spray</p>
<p>1 large egg, beaten</p>
<p>1 ¼ cups panko bread crumbs</p>
<p>2 teaspoons garlic powder</p>
<p>1 teaspoon onion powder</p>
<p>1 teaspoon ground paprika</p>
<p>1 teaspoon kosher salt</p>
<p>1 teaspoon ground black pepper</p>
<p>4 skinless, boneless chicken tenders, cut into 1/2-inch strips lengthwise</p>
<h2>How to Make Easy Baked Chicken Tenders</h2>
<p>Preheat the oven to 450 degrees F (230 degrees C). Line a baking sheet with aluminum foil and spray with cooking spray.</p>
<p>Place egg in a shallow dish. Place panko, garlic powder, onion powder, paprika, salt, and pepper into a large zip-top freezer bag and mix well.</p>
<p>Dip 2 chicken strips into egg, then place into panko mixture and shake to coat. Place coated chicken pieces onto the prepared baking sheet. Repeat with remaining chicken.</p>
<p>Spray each chicken tender with cooking spray twice.</p>
<p>Bake tenders in the preheated oven for 7 minutes. Flip and continue to bake on opposite side until no longer pink in the centers, about 7 minutes more. Remove from the oven.</p>
<p>Set an oven rack about 6 inches from the heat source and preheat the oven&#39;s broiler.</p>
<p>Broil tenders in the preheated oven for extra crunch, about 1 to 2 minutes more.</p>
<p>DOTDASH MEREDITH FOOD STUDIOS</p>
<h2>Nutrition</h2>
<p>172<br />
Calories<br />
4g<br />
Fat<br />
26g<br />
Carbs<br />
17g<br />
Protein</p>
<h2>More Details</h2>
<p>Prep Time:<br />
15 mins<br />
Cook Time:<br />
15 mins<br />
Total Time:<br />
30 mins<br />
Servings:<br />
4</p>
<p>&nbsp;</p>
<p>Source: allrecipes.com</p>
<p>&nbsp;</p>
<p>&nbsp;</p>
<p>The post <a rel="nofollow" href="/how-to-cook-easy-baked-chicken-tenders-food-recipe/">How to Cook Easy Baked Chicken Tenders &#8211; Food Recipe</a> appeared first on <a rel="nofollow" href="/">Chicken Recipe Today</a>.</p>
]]></content:encoded>
					
					<wfw:commentRss>/how-to-cook-easy-baked-chicken-tenders-food-recipe/feed/</wfw:commentRss>
			<slash:comments>0</slash:comments>
		
		
			</item>
		<item>
		<title>How to Cook Chef John&#039;s Buttermilk Fried Chicken &#8211; Food Recipe</title>
		<link>/how-to-cook-chef-johns-buttermilk-fried-chicken-food-recipe/</link>
					<comments>/how-to-cook-chef-johns-buttermilk-fried-chicken-food-recipe/#respond</comments>
		
		<dc:creator><![CDATA[Mia]]></dc:creator>
		<pubDate>Fri, 11 Nov 2022 14:50:13 +0000</pubDate>
				<category><![CDATA[MEAT AND POULTRY]]></category>
		<guid isPermaLink="false">/how-to-cook-chef-johns-buttermilk-fried-chicken-food-recipe/</guid>

					<description><![CDATA[<p>Ingredients: 1 (3 1/2) pound chicken, cut into 8 pieces 1 teaspoon black pepper 1 teaspoon salt 1 teaspoon paprika&#160;[&#8230;]</p>
<p>The post <a rel="nofollow" href="/how-to-cook-chef-johns-buttermilk-fried-chicken-food-recipe/">How to Cook Chef John&#039;s Buttermilk Fried Chicken &#8211; Food Recipe</a> appeared first on <a rel="nofollow" href="/">Chicken Recipe Today</a>.</p>
]]></description>
										<content:encoded><![CDATA[<p><img decoding="async" src="https://imagesvc.meredithcorp.io/v3/mm/image?url=https%3A%2F%2Fimages.media-allrecipes.com%2Fuserphotos%2F9436402.jpg&#038;q=60&#038;c=sc&#038;orient=true&#038;poi=auto&#038;h=512" alt="Chef John&#39;s Buttermilk Fried Chicken recipe" /></p>
<h2>Ingredients:</h2>
<p>1 (3 1/2) pound chicken, cut into 8 pieces</p>
<p>1 teaspoon black pepper</p>
<p>1 teaspoon salt</p>
<p>1 teaspoon paprika</p>
<p>½ teaspoon white pepper</p>
<p>¼ teaspoon dried rosemary</p>
<p>¼ teaspoon ground thyme</p>
<p>¼ teaspoon dried oregano</p>
<p>¼ teaspoon dried sage</p>
<p>¼ teaspoon cayenne pepper</p>
<p>2 cups buttermilk</p>
<h2>How to Make Chef John&#39;s Buttermilk Fried Chicken</h2>
<p>Toss chicken pieces, black pepper, salt, paprika, white pepper, rosemary, thyme, oregano, sage, and cayenne together in a large bowl.</p>
<p>Stir in buttermilk until chicken is evenly coated. Cover and refrigerate for 6 hours.</p>
<p>Combine flour, salt, paprika, cayenne, garlic powder, white pepper, and onion powder in a large shallow dish.</p>
<p>Remove chicken from buttermilk and dredge each piece in seasoned flour; shake off any excess and transfer to a plate.</p>
<p>Heat peanut oil in a large Dutch oven to 350 degrees F (175 degrees C).</p>
<p>Add chicken pieces to the hot oil and fry for 10 minutes. Turn chicken pieces and fry for another 10 to15 minutes.</p>
<p>Transfer fried chicken to a cooling rack set over a paper towel-lined baking sheet. Let sit for 10 minutes before serving.</p>
<p>CHEF JOHN</p>
<h2>Nutrition</h2>
<p>1262<br />
Calories<br />
85g<br />
Fat<br />
56g<br />
Carbs<br />
66g<br />
Protein</p>
<h2>More Details</h2>
<p>Prep Time:<br />
15 mins<br />
Cook Time:<br />
25 mins<br />
Additional Time:<br />
6 hrs 10 mins<br />
Total Time:<br />
6 hrs 50 mins<br />
Servings:<br />
4<br />
Yield:<br />
8 pieces</p>
<p>&nbsp;</p>
<p>Source: allrecipes.com</p>
<p>&nbsp;</p>
<p>&nbsp;</p>
<p>The post <a rel="nofollow" href="/how-to-cook-chef-johns-buttermilk-fried-chicken-food-recipe/">How to Cook Chef John&#039;s Buttermilk Fried Chicken &#8211; Food Recipe</a> appeared first on <a rel="nofollow" href="/">Chicken Recipe Today</a>.</p>
]]></content:encoded>
					
					<wfw:commentRss>/how-to-cook-chef-johns-buttermilk-fried-chicken-food-recipe/feed/</wfw:commentRss>
			<slash:comments>0</slash:comments>
		
		
			</item>
	</channel>
</rss>
