<?xml version="1.0" encoding="UTF-8"?><rss version="2.0"
	xmlns:content="http://purl.org/rss/1.0/modules/content/"
	xmlns:wfw="http://wellformedweb.org/CommentAPI/"
	xmlns:dc="http://purl.org/dc/elements/1.1/"
	xmlns:atom="http://www.w3.org/2005/Atom"
	xmlns:sy="http://purl.org/rss/1.0/modules/syndication/"
	xmlns:slash="http://purl.org/rss/1.0/modules/slash/"
	>

<channel>
	<title>CASSEROLE RECIPES &#8211; Chicken Recipe Today</title>
	<atom:link href="/category/casserole-recipes/feed/" rel="self" type="application/rss+xml" />
	<link>/</link>
	<description>Today Chicken Yesterday Chicken</description>
	<lastBuildDate>Fri, 11 Nov 2022 14:50:15 +0000</lastBuildDate>
	<language>en-US</language>
	<sy:updatePeriod>
	hourly	</sy:updatePeriod>
	<sy:updateFrequency>
	1	</sy:updateFrequency>
	<generator>https://wordpress.org/?v=6.1</generator>
	<item>
		<title>How to Cook Broccoli, Rice, Cheese, and Chicken Casserole &#8211; Food Recipe</title>
		<link>/how-to-cook-broccoli-rice-cheese-and-chicken-casserole-food-recipe/</link>
					<comments>/how-to-cook-broccoli-rice-cheese-and-chicken-casserole-food-recipe/#respond</comments>
		
		<dc:creator><![CDATA[Mia]]></dc:creator>
		<pubDate>Fri, 11 Nov 2022 14:50:15 +0000</pubDate>
				<category><![CDATA[CASSEROLE RECIPES]]></category>
		<guid isPermaLink="false">/how-to-cook-broccoli-rice-cheese-and-chicken-casserole-food-recipe/</guid>

					<description><![CDATA[<p>Ingredients: 2 cups water 2 cups uncooked instant rice 2 (10 ounce) cans chunk chicken, drained 1 (16 ounce) package&#160;[&#8230;]</p>
<p>The post <a rel="nofollow" href="/how-to-cook-broccoli-rice-cheese-and-chicken-casserole-food-recipe/">How to Cook Broccoli, Rice, Cheese, and Chicken Casserole &#8211; Food Recipe</a> appeared first on <a rel="nofollow" href="/">Chicken Recipe Today</a>.</p>
]]></description>
										<content:encoded><![CDATA[<p><img decoding="async" src="https://imagesvc.meredithcorp.io/v3/mm/image?url=https%3A%2F%2Fpublic-assets.meredithcorp.io%2F240f6ef84d3a454f60218dd7e9d00a30%2F1661735802IMG_20220828_194848845.jpg&#038;q=60&#038;c=sc&#038;orient=true&#038;poi=auto&#038;h=512" alt="Broccoli, Rice, Cheese, and Chicken Casserole recipe" /></p>
<h2>Ingredients:</h2>
<p>2 cups water</p>
<p>2 cups uncooked instant rice</p>
<p>2 (10 ounce) cans chunk chicken, drained</p>
<p>1 (16 ounce) package frozen chopped broccoli</p>
<p>1 pound processed cheese food, cubed</p>
<p>1 (10.75 ounce) can condensed cream of mushroom soup</p>
<p>1 (10.75 ounce) can condensed cream of chicken soup</p>
<p>1 cup milk</p>
<p>¼ cup butter, cubed</p>
<p>1 small white onion, chopped</p>
<h2>How to Make Broccoli, Rice, Cheese, and Chicken Casserole</h2>
<p>Preheat the oven to 350 degrees F (175 degrees C).</p>
<p>Bring water to a boil in a medium saucepan; stir in instant rice, cover, and remove from heat. Let stand for 5 minutes.</p>
<p>Mix prepared rice, chicken, broccoli, processed cheese, condensed mushroom soup, condensed chicken soup, milk, butter, and onion in a 9&#215;13-inch baking dish.</p>
<p>Bake in the preheated oven until cheese is melted, about 30 to 35 minutes. Stir halfway through cooking to help cheese melt evenly.</p>
<h2>Nutrition</h2>
<p>756<br />
Calories<br />
31g<br />
Fat<br />
83g<br />
Carbs<br />
36g<br />
Protein</p>
<h2>More Details</h2>
<p>Prep Time:<br />
15 mins<br />
Cook Time:<br />
30 mins<br />
Total Time:<br />
45 mins<br />
Servings:<br />
8</p>
<p>&nbsp;</p>
<p>Source: allrecipes.com</p>
<p>&nbsp;</p>
<p>&nbsp;</p>
<p>The post <a rel="nofollow" href="/how-to-cook-broccoli-rice-cheese-and-chicken-casserole-food-recipe/">How to Cook Broccoli, Rice, Cheese, and Chicken Casserole &#8211; Food Recipe</a> appeared first on <a rel="nofollow" href="/">Chicken Recipe Today</a>.</p>
]]></content:encoded>
					
					<wfw:commentRss>/how-to-cook-broccoli-rice-cheese-and-chicken-casserole-food-recipe/feed/</wfw:commentRss>
			<slash:comments>0</slash:comments>
		
		
			</item>
		<item>
		<title>How to Cook Mamaw&#039;s Chicken and Rice Casserole &#8211; Food Recipe</title>
		<link>/how-to-cook-mamaws-chicken-and-rice-casserole-food-recipe/</link>
					<comments>/how-to-cook-mamaws-chicken-and-rice-casserole-food-recipe/#respond</comments>
		
		<dc:creator><![CDATA[Mia]]></dc:creator>
		<pubDate>Fri, 11 Nov 2022 14:50:13 +0000</pubDate>
				<category><![CDATA[CASSEROLE RECIPES]]></category>
		<guid isPermaLink="false">/how-to-cook-mamaws-chicken-and-rice-casserole-food-recipe/</guid>

					<description><![CDATA[<p>Ingredients: 3 chicken breasts, cut into cubes 2 cups water 2 cups instant white rice 1 (10.75 ounce) can cream&#160;[&#8230;]</p>
<p>The post <a rel="nofollow" href="/how-to-cook-mamaws-chicken-and-rice-casserole-food-recipe/">How to Cook Mamaw&#039;s Chicken and Rice Casserole &#8211; Food Recipe</a> appeared first on <a rel="nofollow" href="/">Chicken Recipe Today</a>.</p>
]]></description>
										<content:encoded><![CDATA[<p><img decoding="async" src="https://imagesvc.meredithcorp.io/v3/mm/image?url=https%3A%2F%2Fpublic-assets.meredithcorp.io%2F8c14367028b4e35822fe70c280bb5cb0%2F166475139731320221002_185526.jpg&#038;q=60&#038;c=sc&#038;orient=true&#038;poi=auto&#038;h=512" alt="Mamaw&#39;s Chicken and Rice Casserole recipe" /></p>
<h2>Ingredients:</h2>
<p>3 chicken breasts, cut into cubes</p>
<p>2 cups water</p>
<p>2 cups instant white rice</p>
<p>1 (10.75 ounce) can cream of chicken soup</p>
<p>1 (10.75 ounce) can cream of celery soup</p>
<p>1 (10.75 ounce) can cream of mushroom soup</p>
<p>salt and ground black pepper to taste</p>
<p>½ cup butter, sliced into pats</p>
<h2>How to Make Mamaw&#39;s Chicken and Rice Casserole</h2>
<p>Preheat oven to 400 degrees F (200 degrees C). Grease sides and bottom of a casserole dish.</p>
<p>Stir chicken, water, rice, cream of chicken soup, cream of celery soup, and cream of mushroom soup together in the prepared casserole dish; season with salt and pepper. Arrange butter evenly over the top of the chicken mixture.</p>
<p>Bake in preheated oven until the rice is tender and the chicken is cooked through, 1 hour to 75 minutes. Cool 10 to 15 minutes before serving.</p>
<p>Mamaw&#39;s Chicken and Rice Casserole. MELISSA GOFF</p>
<h2>Nutrition</h2>
<p>441<br />
Calories<br />
25g<br />
Fat<br />
37g<br />
Carbs<br />
17g<br />
Protein</p>
<h2>More Details</h2>
<p>Prep Time:<br />
10 mins<br />
Cook Time:<br />
1 hrs<br />
Additional Time:<br />
10 mins<br />
Total Time:<br />
1 hrs 20 mins<br />
Servings:<br />
6<br />
Yield:<br />
6 servings</p>
<p>&nbsp;</p>
<p>Source: allrecipes.com</p>
<p>&nbsp;</p>
<p>&nbsp;</p>
<p>The post <a rel="nofollow" href="/how-to-cook-mamaws-chicken-and-rice-casserole-food-recipe/">How to Cook Mamaw&#039;s Chicken and Rice Casserole &#8211; Food Recipe</a> appeared first on <a rel="nofollow" href="/">Chicken Recipe Today</a>.</p>
]]></content:encoded>
					
					<wfw:commentRss>/how-to-cook-mamaws-chicken-and-rice-casserole-food-recipe/feed/</wfw:commentRss>
			<slash:comments>0</slash:comments>
		
		
			</item>
	</channel>
</rss>
