<?xml version="1.0" encoding="UTF-8"?><rss version="2.0"
	xmlns:content="http://purl.org/rss/1.0/modules/content/"
	xmlns:wfw="http://wellformedweb.org/CommentAPI/"
	xmlns:dc="http://purl.org/dc/elements/1.1/"
	xmlns:atom="http://www.w3.org/2005/Atom"
	xmlns:sy="http://purl.org/rss/1.0/modules/syndication/"
	xmlns:slash="http://purl.org/rss/1.0/modules/slash/"
	>

<channel>
	<title>MAIN DISHES &#8211; Chicken Recipe Today</title>
	<atom:link href="/category/main-dishes/feed/" rel="self" type="application/rss+xml" />
	<link>/</link>
	<description>Today Chicken Yesterday Chicken</description>
	<lastBuildDate>Fri, 11 Nov 2022 14:50:17 +0000</lastBuildDate>
	<language>en-US</language>
	<sy:updatePeriod>
	hourly	</sy:updatePeriod>
	<sy:updateFrequency>
	1	</sy:updateFrequency>
	<generator>https://wordpress.org/?v=6.1</generator>
	<item>
		<title>How to Cook Cajun Chicken Pasta &#8211; Food Recipe</title>
		<link>/how-to-cook-cajun-chicken-pasta-food-recipe/</link>
					<comments>/how-to-cook-cajun-chicken-pasta-food-recipe/#respond</comments>
		
		<dc:creator><![CDATA[Mia]]></dc:creator>
		<pubDate>Fri, 11 Nov 2022 14:50:17 +0000</pubDate>
				<category><![CDATA[MAIN DISHES]]></category>
		<guid isPermaLink="false">/how-to-cook-cajun-chicken-pasta-food-recipe/</guid>

					<description><![CDATA[<p>Ingredients: 4 ounces linguine pasta 2 skinless, boneless chicken breast halves 2 teaspoons Cajun seasoning 2 tablespoons butter 1 red&#160;[&#8230;]</p>
<p>The post <a rel="nofollow" href="/how-to-cook-cajun-chicken-pasta-food-recipe/">How to Cook Cajun Chicken Pasta &#8211; Food Recipe</a> appeared first on <a rel="nofollow" href="/">Chicken Recipe Today</a>.</p>
]]></description>
										<content:encoded><![CDATA[<p><img decoding="async" src="https://imagesvc.meredithcorp.io/v3/mm/image?url=https%3A%2F%2Fpublic-assets.meredithcorp.io%2Fce6704465db384e8b09aca30096e65a4%2F1666557390065F4676729-E400-49C7-8E4D-4FB3EA5BCF6D.jpeg&#038;q=60&#038;c=sc&#038;orient=true&#038;poi=auto&#038;h=512" alt="Cajun Chicken Pasta recipe" /></p>
<h2>Ingredients:</h2>
<p>4 ounces linguine pasta</p>
<p>2 skinless, boneless chicken breast halves</p>
<p>2 teaspoons Cajun seasoning</p>
<p>2 tablespoons butter</p>
<p>1 red bell pepper, sliced</p>
<p>1 green bell pepper, sliced</p>
<p>4 fresh mushrooms, sliced</p>
<p>1 green onion, chopped</p>
<p>1 cup heavy cream</p>
<p>¼ teaspoon dried basil</p>
<p>¼ teaspoon lemon pepper</p>
<p>¼ teaspoon salt</p>
<p>⅛ teaspoon garlic powder</p>
<p>⅛ teaspoon ground black pepper</p>
<p>¼ cup grated Parmesan cheese</p>
<h2>How to Make Cajun Chicken Pasta</h2>
<p>Bring a large pot of lightly salted water to a boil. Add pasta and cook until al dente, 8 to 10 minutes. Drain.</p>
<p>Cut chicken breast into strips. Place chicken and Cajun seasoning in a plastic bag. Shake to coat.</p>
<p>Melt butter in a large skillet over medium heat. Add chicken and cook, stirring, until browned and almost cooked through, 5 to 7 minutes.</p>
<p>Add bell peppers, mushrooms, and green onion. Cook, stirring, 2 to 3 minutes.</p>
<p>Reduce the heat and stir in cream, basil, lemon pepper, salt, garlic powder, and black pepper. Heat through. Add cooked linguine, toss, and heat through.</p>
<p>Sprinkle with Parmesan and serve.</p>
<p>HUMBLEPIELIVING</p>
<h2>Nutrition</h2>
<p>935<br />
Calories<br />
62g<br />
Fat<br />
54g<br />
Carbs<br />
44g<br />
Protein</p>
<h2>More Details</h2>
<p>Prep Time:<br />
20 mins<br />
Cook Time:<br />
20 mins<br />
Total Time:<br />
40 mins<br />
Servings:<br />
2</p>
<p>&nbsp;</p>
<p>Source: allrecipes.com</p>
<p>&nbsp;</p>
<p>&nbsp;</p>
<p>The post <a rel="nofollow" href="/how-to-cook-cajun-chicken-pasta-food-recipe/">How to Cook Cajun Chicken Pasta &#8211; Food Recipe</a> appeared first on <a rel="nofollow" href="/">Chicken Recipe Today</a>.</p>
]]></content:encoded>
					
					<wfw:commentRss>/how-to-cook-cajun-chicken-pasta-food-recipe/feed/</wfw:commentRss>
			<slash:comments>0</slash:comments>
		
		
			</item>
		<item>
		<title>How to Cook Chicken Cordon Bleu &#8211; Food Recipe</title>
		<link>/how-to-cook-chicken-cordon-bleu-food-recipe/</link>
					<comments>/how-to-cook-chicken-cordon-bleu-food-recipe/#respond</comments>
		
		<dc:creator><![CDATA[Mia]]></dc:creator>
		<pubDate>Fri, 11 Nov 2022 14:50:17 +0000</pubDate>
				<category><![CDATA[MAIN DISHES]]></category>
		<guid isPermaLink="false">/how-to-cook-chicken-cordon-bleu-food-recipe/</guid>

					<description><![CDATA[<p>Ingredients: nonstick cooking spray 4 skinless, boneless chicken breast halves ¼ teaspoon salt ⅛ teaspoon ground black pepper 6 slices&#160;[&#8230;]</p>
<p>The post <a rel="nofollow" href="/how-to-cook-chicken-cordon-bleu-food-recipe/">How to Cook Chicken Cordon Bleu &#8211; Food Recipe</a> appeared first on <a rel="nofollow" href="/">Chicken Recipe Today</a>.</p>
]]></description>
										<content:encoded><![CDATA[<p><img decoding="async" src="https://imagesvc.meredithcorp.io/v3/mm/image?url=https%3A%2F%2Fpublic-assets.meredithcorp.io%2F533cdb861ef98930d71851de2b3699ec%2F166683364227920221026_190553.jpg&#038;q=60&#038;c=sc&#038;orient=true&#038;poi=auto&#038;h=512" alt="Chicken Cordon Bleu recipe" /></p>
<h2>Ingredients:</h2>
<p>nonstick cooking spray</p>
<p>4 skinless, boneless chicken breast halves</p>
<p>¼ teaspoon salt</p>
<p>⅛ teaspoon ground black pepper</p>
<p>6 slices Swiss cheese</p>
<p>4 slices cooked ham</p>
<p>½ cup seasoned bread crumbs</p>
<h2>How to Make Chicken Cordon Bleu</h2>
<p>Preheat oven to 350 degrees F (175 degrees C). Coat a 7&#215;11-inch baking dish with nonstick cooking spray.</p>
<p>Pound chicken breasts to 1/4 inch thickness.</p>
<p>Sprinkle each piece of chicken on both sides with salt and pepper. Place 1 Swiss cheese slice and 1 ham slice on top of each breast. Roll up each breast, and secure with a toothpick. Place in the prepared baking dish, and sprinkle chicken evenly with bread crumbs.</p>
<p>Bake in the preheated oven until chicken is no longer pink, 30 to 35 minutes.</p>
<p>Remove from the oven, and place 1/2 Swiss cheese slice on top of each breast. Return to the oven until cheese has melted, 3 to 5 minutes. Remove toothpicks and serve immediately.</p>
<p>ALLRECIPES MAGAZINE</p>
<h2>Nutrition</h2>
<p>419<br />
Calories<br />
19g<br />
Fat<br />
13g<br />
Carbs<br />
46g<br />
Protein</p>
<h2>More Details</h2>
<p>Prep Time:<br />
10 mins<br />
Cook Time:<br />
35 mins<br />
Total Time:<br />
45 mins<br />
Servings:<br />
4<br />
Yield:<br />
4 servings</p>
<p>&nbsp;</p>
<p>Source: allrecipes.com</p>
<p>&nbsp;</p>
<p>&nbsp;</p>
<p>The post <a rel="nofollow" href="/how-to-cook-chicken-cordon-bleu-food-recipe/">How to Cook Chicken Cordon Bleu &#8211; Food Recipe</a> appeared first on <a rel="nofollow" href="/">Chicken Recipe Today</a>.</p>
]]></content:encoded>
					
					<wfw:commentRss>/how-to-cook-chicken-cordon-bleu-food-recipe/feed/</wfw:commentRss>
			<slash:comments>0</slash:comments>
		
		
			</item>
		<item>
		<title>How to Cook Chicken a la King &#8211; Food Recipe</title>
		<link>/how-to-cook-chicken-a-la-king-food-recipe/</link>
					<comments>/how-to-cook-chicken-a-la-king-food-recipe/#respond</comments>
		
		<dc:creator><![CDATA[Mia]]></dc:creator>
		<pubDate>Fri, 11 Nov 2022 14:50:17 +0000</pubDate>
				<category><![CDATA[MAIN DISHES]]></category>
		<guid isPermaLink="false">/how-to-cook-chicken-a-la-king-food-recipe/</guid>

					<description><![CDATA[<p>Ingredients: ½ cup butter 1 (4.5 ounce) can mushrooms, drained, liquid reserved 1 green bell pepper, chopped ½ cup all-purpose&#160;[&#8230;]</p>
<p>The post <a rel="nofollow" href="/how-to-cook-chicken-a-la-king-food-recipe/">How to Cook Chicken a la King &#8211; Food Recipe</a> appeared first on <a rel="nofollow" href="/">Chicken Recipe Today</a>.</p>
]]></description>
										<content:encoded><![CDATA[<p><img decoding="async" src="https://imagesvc.meredithcorp.io/v3/mm/image?url=https%3A%2F%2Fimages.media-allrecipes.com%2Fuserphotos%2F9368091.jpg&#038;q=60&#038;c=sc&#038;orient=true&#038;poi=auto&#038;h=512" alt="Chicken a la King recipe" /></p>
<h2>Ingredients:</h2>
<p>½ cup butter</p>
<p>1 (4.5 ounce) can mushrooms, drained, liquid reserved</p>
<p>1 green bell pepper, chopped</p>
<p>½ cup all-purpose flour</p>
<p>1 teaspoon salt</p>
<p>¼ teaspoon ground black pepper</p>
<p>1 ½ cups milk</p>
<p>1 ¼ cups hot water</p>
<p>1 ½ teaspoons chicken bouillon powder</p>
<p>4 cooked, boneless chicken breast halves, chopped</p>
<p>4 ounces chopped pimento</p>
<h2>How to Make Chicken a la King</h2>
<p>Melt butter in a large skillet over medium heat. Add drained mushrooms and bell pepper and cook, stirring, 5 minutes.</p>
<p>Remove from the heat. Stir in flour, salt, and black pepper. Cook over low heat, stirring constantly, until mixture is bubbly.</p>
<p>Stir in milk, water, bouillon, and reserved mushroom liquid. Increase heat to medium-high and bring to a boil, stirring constantly. Boil and stir for 1 minute.</p>
<p>Stir in chicken and pimento and heat through.</p>
<p>DOTDASH MEREDITH FOOD STUDIOS</p>
<h2>Nutrition</h2>
<p>305<br />
Calories<br />
19g<br />
Fat<br />
12g<br />
Carbs<br />
21g<br />
Protein</p>
<h2>More Details</h2>
<p>Prep Time:<br />
10 mins<br />
Cook Time:<br />
20 mins<br />
Total Time:<br />
30 mins<br />
Servings:<br />
7</p>
<p>&nbsp;</p>
<p>Source: allrecipes.com</p>
<p>&nbsp;</p>
<p>&nbsp;</p>
<p>The post <a rel="nofollow" href="/how-to-cook-chicken-a-la-king-food-recipe/">How to Cook Chicken a la King &#8211; Food Recipe</a> appeared first on <a rel="nofollow" href="/">Chicken Recipe Today</a>.</p>
]]></content:encoded>
					
					<wfw:commentRss>/how-to-cook-chicken-a-la-king-food-recipe/feed/</wfw:commentRss>
			<slash:comments>0</slash:comments>
		
		
			</item>
		<item>
		<title>How to Cook King Ranch Chicken Casserole &#8211; Food Recipe</title>
		<link>/how-to-cook-king-ranch-chicken-casserole-food-recipe/</link>
					<comments>/how-to-cook-king-ranch-chicken-casserole-food-recipe/#respond</comments>
		
		<dc:creator><![CDATA[Mia]]></dc:creator>
		<pubDate>Fri, 11 Nov 2022 14:50:15 +0000</pubDate>
				<category><![CDATA[MAIN DISHES]]></category>
		<guid isPermaLink="false">/how-to-cook-king-ranch-chicken-casserole-food-recipe/</guid>

					<description><![CDATA[<p>Ingredients: 1 tablespoon vegetable oil 1 medium white onion, diced 1 medium red bell pepper, diced 1 medium green bell&#160;[&#8230;]</p>
<p>The post <a rel="nofollow" href="/how-to-cook-king-ranch-chicken-casserole-food-recipe/">How to Cook King Ranch Chicken Casserole &#8211; Food Recipe</a> appeared first on <a rel="nofollow" href="/">Chicken Recipe Today</a>.</p>
]]></description>
										<content:encoded><![CDATA[<p><img decoding="async" src="https://imagesvc.meredithcorp.io/v3/mm/image?url=https%3A%2F%2Fpublic-assets.meredithcorp.io%2Fa1684cda0a5420236db2212c791b074f%2F1663642142image.jpg&#038;q=60&#038;c=sc&#038;orient=true&#038;poi=auto&#038;h=512" alt="King Ranch Chicken Casserole recipe" /></p>
<h2>Ingredients:</h2>
<p>1 tablespoon vegetable oil</p>
<p>1 medium white onion, diced</p>
<p>1 medium red bell pepper, diced</p>
<p>1 medium green bell pepper, diced</p>
<p>1 (10.5 ounce) can condensed cream of mushroom soup</p>
<p>1 (10.5 ounce) can condensed cream of chicken soup</p>
<p>1 (10 ounce) can diced tomatoes with green chile peppers (such as RO*TEL®)</p>
<p>1 cup chicken broth</p>
<p>2 tablespoons sour cream</p>
<p>2 teaspoons ground cumin</p>
<p>1 teaspoon ancho chile powder</p>
<p>½ teaspoon dried oregano</p>
<p>¼ teaspoon chipotle chile powder</p>
<p>1 (3 pound) cooked chicken, torn into shreds or cut into chunks</p>
<p>1 (8 ounce) package shredded Cheddar cheese</p>
<p>10 (6 inch) corn tortillas, cut into quarters</p>
<h2>How to Make King Ranch Chicken Casserole</h2>
<p>Preheat the oven to 350 degrees F (175 degrees C).</p>
<p>Heat oil in a large skillet over high heat. Saute onion and bell peppers in the hot oil until warmed through, about 2 minutes. Transfer to a large bowl.</p>
<p>Add both cans of condensed soup, diced tomatoes with chile peppers, chicken broth, sour cream, cumin, ancho chile powder, oregano, and chipotle chile powder; mix until sauce is well-combined.</p>
<p>Spread a few tablespoons of sauce in the bottom of a 9&#215;13-inch baking dish. Layer with 1/2 of the chicken, 1/2 of the sauce, 1/2 of the Cheddar cheese, and 1/2 of the tortillas.</p>
<p>Spread the remaining chicken over the tortillas. Spread all but 1/2 cup of the remaining sauce over the chicken, then top with another 1/3 of the Cheddar, and the remaining tortillas. Spread the remaining 1/2 cup over top, and sprinkle with the remaining Cheddar.</p>
<p>Bake casserole in the preheated oven until bubbling, about 40 minutes.</p>
<p>Turn on the broiler and broil until the top is golden, 2 to 3 more minutes.</p>
<p>King Ranch Chicken Casserole | Photo by Chef John.</p>
<h2>Nutrition</h2>
<p>479<br />
Calories<br />
28g<br />
Fat<br />
25g<br />
Carbs<br />
32g<br />
Protein</p>
<h2>More Details</h2>
<p>Prep Time:<br />
30 mins<br />
Cook Time:<br />
45 mins<br />
Total Time:<br />
1 hrs 15 mins<br />
Servings:<br />
8<br />
Yield:<br />
1 9&#215;13-inch casserole</p>
<p>&nbsp;</p>
<p>Source: allrecipes.com</p>
<p>&nbsp;</p>
<p>&nbsp;</p>
<p>The post <a rel="nofollow" href="/how-to-cook-king-ranch-chicken-casserole-food-recipe/">How to Cook King Ranch Chicken Casserole &#8211; Food Recipe</a> appeared first on <a rel="nofollow" href="/">Chicken Recipe Today</a>.</p>
]]></content:encoded>
					
					<wfw:commentRss>/how-to-cook-king-ranch-chicken-casserole-food-recipe/feed/</wfw:commentRss>
			<slash:comments>0</slash:comments>
		
		
			</item>
		<item>
		<title>How to Cook Greek Lemon Chicken and Potatoes &#8211; Food Recipe</title>
		<link>/how-to-cook-greek-lemon-chicken-and-potatoes-food-recipe/</link>
					<comments>/how-to-cook-greek-lemon-chicken-and-potatoes-food-recipe/#respond</comments>
		
		<dc:creator><![CDATA[Mia]]></dc:creator>
		<pubDate>Fri, 11 Nov 2022 14:50:15 +0000</pubDate>
				<category><![CDATA[MAIN DISHES]]></category>
		<guid isPermaLink="false">/how-to-cook-greek-lemon-chicken-and-potatoes-food-recipe/</guid>

					<description><![CDATA[<p>Ingredients: 4 pounds skin-on, bone-in chicken thighs 3 russet potatoes, peeled and quartered ½ cup fresh lemon juice ½ cup&#160;[&#8230;]</p>
<p>The post <a rel="nofollow" href="/how-to-cook-greek-lemon-chicken-and-potatoes-food-recipe/">How to Cook Greek Lemon Chicken and Potatoes &#8211; Food Recipe</a> appeared first on <a rel="nofollow" href="/">Chicken Recipe Today</a>.</p>
]]></description>
										<content:encoded><![CDATA[<p><img decoding="async" src="https://imagesvc.meredithcorp.io/v3/mm/image?url=https%3A%2F%2Fpublic-assets.meredithcorp.io%2F74398ddfaf3a432c5bf94da1d547f875%2F1664408606A0C6545B-E619-4B27-BE2B-9F1822B9C976.jpeg&#038;q=60&#038;c=sc&#038;orient=true&#038;poi=auto&#038;h=512" alt="Greek Lemon Chicken and Potatoes recipe" /></p>
<h2>Ingredients:</h2>
<p>4 pounds skin-on, bone-in chicken thighs</p>
<p>3 russet potatoes, peeled and quartered</p>
<p>½ cup fresh lemon juice</p>
<p>½ cup olive oil</p>
<p>6 cloves garlic, minced</p>
<p>1 tablespoon dried oregano</p>
<p>1 tablespoon kosher salt</p>
<p>1 teaspoon dried rosemary</p>
<p>1 teaspoon freshly ground black pepper</p>
<p>1 pinch cayenne pepper</p>
<p>1 cup chicken broth, divided</p>
<p>1 teaspoon chopped fresh oregano, or to taste</p>
<h2>How to Make Greek Lemon Chicken and Potatoes</h2>
<p>Preheat the oven to 425 degrees F (220 degrees C). Lightly oil a large roasting pan.</p>
<p>Place chicken and potatoes in a large bowl. Add lemon juice, olive oil, garlic, dried oregano, salt, rosemary, black pepper, and cayenne. Toss until chicken and potatoes are evenly coated.</p>
<p>Place chicken pieces skin-side up in the prepared pan. Tuck potato pieces around chicken. Drizzle with 2/3 cup chicken broth. Spoon any remaining marinade from the bowl over chicken and potatoes.</p>
<p>Bake in the preheated oven for 20 minutes. Toss chicken and potatoes, then place chicken skin-side up again.</p>
<p>Continue baking until chicken is browned and cooked through, about 25 minutes more; an instant-read thermometer inserted near the bone should register 165 degrees F (74 degrees C).</p>
<p>Transfer chicken to a serving platter and keep warm; leave potatoes in the pan.</p>
<p>Turn on the broiler, or set oven to highest heat. Toss potatoes again to coat in pan juices. Place the pan under the broiler and broil until potatoes are crisped, about 3 minutes.</p>
<p>Transfer potatoes to the platter with chicken.</p>
<p>Place the roasting pan on the stovetop over medium heat. Add the remaining 1/3 cup chicken broth and scrape up browned bits from the bottom of the pan. Strain pan juices over chicken and potatoes. Sprinkle with fresh oregano.</p>
<p>KIM&#39;S COOKING NOW</p>
<h2>Nutrition</h2>
<p>1139<br />
Calories<br />
75g<br />
Fat<br />
35g<br />
Carbs<br />
80g<br />
Protein</p>
<h2>More Details</h2>
<p>Prep Time:<br />
10 mins<br />
Cook Time:<br />
50 mins<br />
Total Time:<br />
1 hrs<br />
Servings:<br />
4</p>
<p>&nbsp;</p>
<p>Source: allrecipes.com</p>
<p>&nbsp;</p>
<p>&nbsp;</p>
<p>The post <a rel="nofollow" href="/how-to-cook-greek-lemon-chicken-and-potatoes-food-recipe/">How to Cook Greek Lemon Chicken and Potatoes &#8211; Food Recipe</a> appeared first on <a rel="nofollow" href="/">Chicken Recipe Today</a>.</p>
]]></content:encoded>
					
					<wfw:commentRss>/how-to-cook-greek-lemon-chicken-and-potatoes-food-recipe/feed/</wfw:commentRss>
			<slash:comments>0</slash:comments>
		
		
			</item>
		<item>
		<title>How to Cook Easy Tortilla Pizza &#8211; Food Recipe</title>
		<link>/how-to-cook-easy-tortilla-pizza-food-recipe/</link>
					<comments>/how-to-cook-easy-tortilla-pizza-food-recipe/#respond</comments>
		
		<dc:creator><![CDATA[Mia]]></dc:creator>
		<pubDate>Fri, 11 Nov 2022 14:50:15 +0000</pubDate>
				<category><![CDATA[MAIN DISHES]]></category>
		<guid isPermaLink="false">/how-to-cook-easy-tortilla-pizza-food-recipe/</guid>

					<description><![CDATA[<p>Ingredients: 1 (8 inch) soft flour tortilla 1 teaspoon olive oil 1 pinch garlic powder salt and ground black pepper&#160;[&#8230;]</p>
<p>The post <a rel="nofollow" href="/how-to-cook-easy-tortilla-pizza-food-recipe/">How to Cook Easy Tortilla Pizza &#8211; Food Recipe</a> appeared first on <a rel="nofollow" href="/">Chicken Recipe Today</a>.</p>
]]></description>
										<content:encoded><![CDATA[<p><img decoding="async" src="https://imagesvc.meredithcorp.io/v3/mm/image?url=https%3A%2F%2Fpublic-assets.meredithcorp.io%2F19a545fbe4943baedf5b7cc30ed815d2%2F1655312775image.jpg&#038;q=60&#038;c=sc&#038;orient=true&#038;poi=auto&#038;h=512" alt="Easy Tortilla Pizza recipe" /></p>
<h2>Ingredients:</h2>
<p>1 (8 inch) soft flour tortilla</p>
<p>1 teaspoon olive oil</p>
<p>1 pinch garlic powder</p>
<p>salt and ground black pepper to taste</p>
<p>3 tablespoons tomato sauce</p>
<p>1 cooked chicken breast, sliced</p>
<p>½ green bell pepper, chopped</p>
<p>2 green onions, finely chopped</p>
<p>⅓ cup shredded mozzarella cheese</p>
<p>1 pinch dried oregano</p>
<h2>How to Make Easy Tortilla Pizza</h2>
<p>Preheat the oven to 400 degrees F (200 degrees C).</p>
<p>Place tortilla on a baking sheet. Brush with olive oil; sprinkle garlic powder, salt, and pepper on top.</p>
<p>Bake in the preheated oven until golden, 3 to 5 minutes. Remove from the oven and spread tomato sauce on top; arrange chicken breast, green bell pepper, and green onions over tomato sauce. Sprinkle with mozzarella cheese.</p>
<p>Bake in the preheated oven until cheese is melted, about 5 minutes. Sprinkle oregano over cheese. Slice pizza into wedges using a pizza cutter.</p>
<h2>Nutrition</h2>
<p>833<br />
Calories<br />
43g<br />
Fat<br />
37g<br />
Carbs<br />
71g<br />
Protein</p>
<h2>More Details</h2>
<p>Prep Time:<br />
10 mins<br />
Cook Time:<br />
10 mins<br />
Total Time:<br />
20 mins<br />
Servings:<br />
1<br />
Yield:<br />
1 tortilla pizza</p>
<p>&nbsp;</p>
<p>Source: allrecipes.com</p>
<p>&nbsp;</p>
<p>&nbsp;</p>
<p>The post <a rel="nofollow" href="/how-to-cook-easy-tortilla-pizza-food-recipe/">How to Cook Easy Tortilla Pizza &#8211; Food Recipe</a> appeared first on <a rel="nofollow" href="/">Chicken Recipe Today</a>.</p>
]]></content:encoded>
					
					<wfw:commentRss>/how-to-cook-easy-tortilla-pizza-food-recipe/feed/</wfw:commentRss>
			<slash:comments>0</slash:comments>
		
		
			</item>
		<item>
		<title>How to Cook Pesto Pasta with Chicken &#8211; Food Recipe</title>
		<link>/how-to-cook-pesto-pasta-with-chicken-food-recipe/</link>
					<comments>/how-to-cook-pesto-pasta-with-chicken-food-recipe/#respond</comments>
		
		<dc:creator><![CDATA[Mia]]></dc:creator>
		<pubDate>Fri, 11 Nov 2022 14:50:15 +0000</pubDate>
				<category><![CDATA[MAIN DISHES]]></category>
		<guid isPermaLink="false">/how-to-cook-pesto-pasta-with-chicken-food-recipe/</guid>

					<description><![CDATA[<p>Ingredients: 1 (16 ounce) package bow tie pasta 1 teaspoon olive oil 2 cloves garlic, minced 2 skinless, boneless chicken&#160;[&#8230;]</p>
<p>The post <a rel="nofollow" href="/how-to-cook-pesto-pasta-with-chicken-food-recipe/">How to Cook Pesto Pasta with Chicken &#8211; Food Recipe</a> appeared first on <a rel="nofollow" href="/">Chicken Recipe Today</a>.</p>
]]></description>
										<content:encoded><![CDATA[<p><img decoding="async" src="https://imagesvc.meredithcorp.io/v3/mm/image?url=https%3A%2F%2Fpublic-assets.meredithcorp.io%2F6dc897b90acfd7e02abf061ed33e583c%2F166619066171520221014_170653.jpg&#038;q=60&#038;c=sc&#038;orient=true&#038;poi=auto&#038;h=512" alt="Pesto Pasta with Chicken recipe" /></p>
<h2>Ingredients:</h2>
<p>1 (16 ounce) package bow tie pasta</p>
<p>1 teaspoon olive oil</p>
<p>2 cloves garlic, minced</p>
<p>2 skinless, boneless chicken breasts, cut into bite-sized pieces</p>
<p>1 pinch crushed red pepper flakes, or to taste</p>
<p>½ cup pesto sauce</p>
<p>⅓ cup oil-packed sun-dried tomatoes, drained and cut into strips</p>
<h2>How to Make Pesto Pasta with Chicken</h2>
<p>Bring a large pot of lightly salted water to a boil. Add pasta and cook until al dente, 8 to 10 minutes; drain.</p>
<p>Heat oil in a large skillet over medium heat. Sauté garlic until tender, then stir in chicken and season with red pepper flakes. Cook until chicken is golden and cooked through.</p>
<p>Combine pasta, chicken, pesto, and sun-dried tomatoes in a large bowl; toss to coat evenly.</p>
<h2>Nutrition</h2>
<p>328<br />
Calories<br />
10g<br />
Fat<br />
43g<br />
Carbs<br />
17g<br />
Protein</p>
<h2>More Details</h2>
<p>Prep Time:<br />
10 mins<br />
Cook Time:<br />
20 mins<br />
Total Time:<br />
30 mins<br />
Servings:<br />
8</p>
<p>&nbsp;</p>
<p>Source: allrecipes.com</p>
<p>&nbsp;</p>
<p>&nbsp;</p>
<p>The post <a rel="nofollow" href="/how-to-cook-pesto-pasta-with-chicken-food-recipe/">How to Cook Pesto Pasta with Chicken &#8211; Food Recipe</a> appeared first on <a rel="nofollow" href="/">Chicken Recipe Today</a>.</p>
]]></content:encoded>
					
					<wfw:commentRss>/how-to-cook-pesto-pasta-with-chicken-food-recipe/feed/</wfw:commentRss>
			<slash:comments>0</slash:comments>
		
		
			</item>
		<item>
		<title>How to Cook Easy Indian Butter Chicken &#8211; Food Recipe</title>
		<link>/how-to-cook-easy-indian-butter-chicken-food-recipe/</link>
					<comments>/how-to-cook-easy-indian-butter-chicken-food-recipe/#respond</comments>
		
		<dc:creator><![CDATA[Mia]]></dc:creator>
		<pubDate>Fri, 11 Nov 2022 14:50:13 +0000</pubDate>
				<category><![CDATA[MAIN DISHES]]></category>
		<guid isPermaLink="false">/how-to-cook-easy-indian-butter-chicken-food-recipe/</guid>

					<description><![CDATA[<p>Ingredients: 1 cup butter, divided 1 onion, minced 1 tablespoon minced garlic 1 (15 ounce) can tomato sauce 3 cups&#160;[&#8230;]</p>
<p>The post <a rel="nofollow" href="/how-to-cook-easy-indian-butter-chicken-food-recipe/">How to Cook Easy Indian Butter Chicken &#8211; Food Recipe</a> appeared first on <a rel="nofollow" href="/">Chicken Recipe Today</a>.</p>
]]></description>
										<content:encoded><![CDATA[<p><img decoding="async" src="https://imagesvc.meredithcorp.io/v3/mm/image?url=https%3A%2F%2Fpublic-assets.meredithcorp.io%2F7f6dac86bb7a98dc6bd59ed9732c5b9b%2F1647189865Screenshot_20220313-124335_Gallery.jpg&#038;q=60&#038;c=sc&#038;orient=true&#038;poi=auto&#038;h=512" alt="Easy Indian Butter Chicken recipe" /></p>
<h2>Ingredients:</h2>
<p>1 cup butter, divided</p>
<p>1 onion, minced</p>
<p>1 tablespoon minced garlic</p>
<p>1 (15 ounce) can tomato sauce</p>
<p>3 cups heavy cream</p>
<p>2 teaspoons salt</p>
<p>1 teaspoon cayenne pepper</p>
<p>1 teaspoon garam masala</p>
<p>1 ½ pounds skinless, boneless chicken breast, cut into bite-sized chunks</p>
<p>2 tablespoons vegetable oil</p>
<p>2 tablespoons tandoori masala</p>
<h2>How to Make Easy Indian Butter Chicken</h2>
<p>Preheat the oven to 375 degrees F (190 degrees C).</p>
<p>Melt 2 tablespoons butter in a skillet over medium heat. Stir in onion and garlic, and cook slowly until the onion caramelizes to a dark brown, about 15 minutes.</p>
<p>Meanwhile, combine cream, tomato sauce, remaining butter, salt, cayenne pepper, and garam masala in a saucepan over medium-high heat; bring to a simmer. Reduce heat to medium-low, cover, and simmer, stirring occasionally, for 30 minutes. Stir in caramelized onions.</p>
<p>While the sauce is simmering, toss chicken with vegetable oil until coated. Season with tandoori masala and spread out onto a baking sheet.</p>
<p>Bake chicken in the preheated oven until no longer pink in the center, about 12 minutes.</p>
<p>Add cooked chicken to the sauce and simmer for 5 minutes before serving.</p>
<h2>Nutrition</h2>
<p>880<br />
Calories<br />
82g<br />
Fat<br />
13g<br />
Carbs<br />
26g<br />
Protein</p>
<h2>More Details</h2>
<p>Prep Time:<br />
15 mins<br />
Cook Time:<br />
45 mins<br />
Total Time:<br />
1 hrs<br />
Servings:<br />
6</p>
<p>&nbsp;</p>
<p>Source: allrecipes.com</p>
<p>&nbsp;</p>
<p>&nbsp;</p>
<p>The post <a rel="nofollow" href="/how-to-cook-easy-indian-butter-chicken-food-recipe/">How to Cook Easy Indian Butter Chicken &#8211; Food Recipe</a> appeared first on <a rel="nofollow" href="/">Chicken Recipe Today</a>.</p>
]]></content:encoded>
					
					<wfw:commentRss>/how-to-cook-easy-indian-butter-chicken-food-recipe/feed/</wfw:commentRss>
			<slash:comments>0</slash:comments>
		
		
			</item>
		<item>
		<title>How to Cook Chicken Parmesan &#8211; Food Recipe</title>
		<link>/how-to-cook-chicken-parmesan-food-recipe/</link>
					<comments>/how-to-cook-chicken-parmesan-food-recipe/#respond</comments>
		
		<dc:creator><![CDATA[Mia]]></dc:creator>
		<pubDate>Fri, 11 Nov 2022 14:50:13 +0000</pubDate>
				<category><![CDATA[MAIN DISHES]]></category>
		<guid isPermaLink="false">/how-to-cook-chicken-parmesan-food-recipe/</guid>

					<description><![CDATA[<p>Ingredients: 4 skinless, boneless chicken breast halves salt and freshly ground black pepper to taste 2 large eggs 1 cup&#160;[&#8230;]</p>
<p>The post <a rel="nofollow" href="/how-to-cook-chicken-parmesan-food-recipe/">How to Cook Chicken Parmesan &#8211; Food Recipe</a> appeared first on <a rel="nofollow" href="/">Chicken Recipe Today</a>.</p>
]]></description>
										<content:encoded><![CDATA[<p><img decoding="async" src="https://imagesvc.meredithcorp.io/v3/mm/image?url=https%3A%2F%2Fpublic-assets.meredithcorp.io%2F4b067cd907c6d86384b336405a8c505e%2F1668114906122PXL_20221110_202844744.jpg&#038;q=60&#038;c=sc&#038;orient=true&#038;poi=auto&#038;h=512" alt="Chicken Parmesan recipe" /></p>
<h2>Ingredients:</h2>
<p>4 skinless, boneless chicken breast halves</p>
<p>salt and freshly ground black pepper to taste</p>
<p>2 large eggs</p>
<p>1 cup panko bread crumbs, or more as needed</p>
<p>¾ cup grated Parmesan cheese, divided</p>
<p>2 tablespoons all-purpose flour, or more if needed</p>
<p>½ cup olive oil for frying, or as needed</p>
<p>½ cup prepared tomato sauce</p>
<p>¼ cup fresh mozzarella, cut into small cubes</p>
<p>¼ cup chopped fresh basil</p>
<p>½ cup grated provolone cheese</p>
<p>2 teaspoons olive oil</p>
<h2>How to Make Chicken Parmesan</h2>
<p>Preheat an oven to 450 degrees F (230 degrees C).</p>
<p>Place chicken breasts between two sheets of heavy plastic (resealable freezer bags work well) on a solid, level surface. Firmly pound chicken with the smooth side of a meat mallet to a thickness of 1/2-inch. Season chicken thoroughly with salt and pepper.</p>
<p>Beat eggs in a shallow bowl and set aside.</p>
<p>Mix bread crumbs and 1/2 cup Parmesan cheese in a separate bowl, set aside.</p>
<p>Place flour in a sifter or strainer; sprinkle over chicken breasts, evenly coating both sides.</p>
<p>Dip a flour-coated chicken breast in beaten eggs. Transfer breast to the bread crumb mixture, pressing crumbs into both sides. Repeat for each breast. Let chicken rest for 10 to 15 minutes.</p>
<p>Heat 1/2 inch olive oil in a large skillet on medium-high heat until it begins to shimmer. Cook chicken in the hot oil until golden, about 2 minutes per side. The chicken will finish cooking in the oven.</p>
<p>Transfer chicken to a baking dish. Top each breast with 2 tablespoons tomato sauce. Layer each chicken breast with equal amounts of mozzarella cheese, fresh basil, and provolone cheese. Sprinkle remaining Parmesan over top and drizzle each with 1/2 teaspoon olive oil.</p>
<p>Bake in the preheated oven until cheese is browned and bubbly and chicken breasts are no longer pink in the center, 15 to 20 minutes. An instant-read thermometer inserted into the center should read at least 165 degrees F (74 degrees C).</p>
<p>DOTDASH MEREDITH FOOD STUDIOS</p>
<h2>Nutrition</h2>
<p>471<br />
Calories<br />
25g<br />
Fat<br />
25g<br />
Carbs<br />
42g<br />
Protein</p>
<h2>More Details</h2>
<p>Prep Time:<br />
15 mins<br />
Cook Time:<br />
20 mins<br />
Additional Time:<br />
10 mins<br />
Total Time:<br />
45 mins<br />
Servings:<br />
4<br />
Yield:<br />
4 servings</p>
<p>&nbsp;</p>
<p>Source: allrecipes.com</p>
<p>&nbsp;</p>
<p>&nbsp;</p>
<p>The post <a rel="nofollow" href="/how-to-cook-chicken-parmesan-food-recipe/">How to Cook Chicken Parmesan &#8211; Food Recipe</a> appeared first on <a rel="nofollow" href="/">Chicken Recipe Today</a>.</p>
]]></content:encoded>
					
					<wfw:commentRss>/how-to-cook-chicken-parmesan-food-recipe/feed/</wfw:commentRss>
			<slash:comments>0</slash:comments>
		
		
			</item>
	</channel>
</rss>
