<?xml version="1.0" encoding="UTF-8"?><rss version="2.0"
	xmlns:content="http://purl.org/rss/1.0/modules/content/"
	xmlns:wfw="http://wellformedweb.org/CommentAPI/"
	xmlns:dc="http://purl.org/dc/elements/1.1/"
	xmlns:atom="http://www.w3.org/2005/Atom"
	xmlns:sy="http://purl.org/rss/1.0/modules/syndication/"
	xmlns:slash="http://purl.org/rss/1.0/modules/slash/"
	>

<channel>
	<title>Chicken Recipe Today</title>
	<atom:link href="/feed/" rel="self" type="application/rss+xml" />
	<link>/</link>
	<description>Today Chicken Yesterday Chicken</description>
	<lastBuildDate>Fri, 11 Nov 2022 14:50:19 +0000</lastBuildDate>
	<language>en-US</language>
	<sy:updatePeriod>
	hourly	</sy:updatePeriod>
	<sy:updateFrequency>
	1	</sy:updateFrequency>
	<generator>https://wordpress.org/?v=6.1</generator>
	<item>
		<title>How to Cook Rotisserie Chicken &#8211; Food Recipe</title>
		<link>/how-to-cook-rotisserie-chicken-food-recipe/</link>
					<comments>/how-to-cook-rotisserie-chicken-food-recipe/#respond</comments>
		
		<dc:creator><![CDATA[Mia]]></dc:creator>
		<pubDate>Fri, 11 Nov 2022 14:50:19 +0000</pubDate>
				<category><![CDATA[MEAT AND POULTRY]]></category>
		<guid isPermaLink="false">/how-to-cook-rotisserie-chicken-food-recipe/</guid>

					<description><![CDATA[<p>Ingredients: 1 (3 pound) whole chicken 1 pinch salt ¼ cup butter, melted 1 tablespoon salt 1 tablespoon ground paprika&#160;[&#8230;]</p>
<p>The post <a rel="nofollow" href="/how-to-cook-rotisserie-chicken-food-recipe/">How to Cook Rotisserie Chicken &#8211; Food Recipe</a> appeared first on <a rel="nofollow" href="/">Chicken Recipe Today</a>.</p>
]]></description>
										<content:encoded><![CDATA[<p><img decoding="async" src="https://imagesvc.meredithcorp.io/v3/mm/image?url=https%3A%2F%2Fimages.media-allrecipes.com%2Fuserphotos%2F9247690.jpg&#038;q=60&#038;c=sc&#038;orient=true&#038;poi=auto&#038;h=512" alt="Rotisserie Chicken recipe" /></p>
<h2>Ingredients:</h2>
<p>1 (3 pound) whole chicken</p>
<p>1 pinch salt</p>
<p>¼ cup butter, melted</p>
<p>1 tablespoon salt</p>
<p>1 tablespoon ground paprika</p>
<p>¼ tablespoon ground black pepper</p>
<h2>How to Make Rotisserie Chicken</h2>
<p>Preheat an outdoor grill for high heat and lightly oil the grate.</p>
<p>Season chicken cavity with a pinch of salt. Tie legs together with kitchen string; then tie wings to the bird. Secure chicken on a rotisserie attachment.</p>
<p>Place rotisserie over the preheated grill and cook for 10 minutes.</p>
<p>Meanwhile, quickly mix together butter, 1 tablespoon of salt, paprika, and pepper. Turn the grill down to medium and baste chicken with butter mixture.</p>
<p>Close the lid and cook over medium heat, basting occasionally, until chicken is cooked through and the internal temperature reaches 180 degrees F (83 degrees C), 1 to 1 1/2 hours.</p>
<p>Remove chicken from the rotisserie and let rest for 10 to 15 minutes before carving.</p>
<h2>Nutrition</h2>
<p>357<br />
Calories<br />
25g<br />
Fat<br />
1g<br />
Carbs<br />
31g<br />
Protein</p>
<h2>More Details</h2>
<p>Prep Time:<br />
10 mins<br />
Cook Time:<br />
1 hrs 10 mins<br />
Additional Time:<br />
10 mins<br />
Total Time:<br />
1 hrs 30 mins<br />
Servings:<br />
6</p>
<p>&nbsp;</p>
<p>Source: allrecipes.com</p>
<p>&nbsp;</p>
<p>&nbsp;</p>
<p>The post <a rel="nofollow" href="/how-to-cook-rotisserie-chicken-food-recipe/">How to Cook Rotisserie Chicken &#8211; Food Recipe</a> appeared first on <a rel="nofollow" href="/">Chicken Recipe Today</a>.</p>
]]></content:encoded>
					
					<wfw:commentRss>/how-to-cook-rotisserie-chicken-food-recipe/feed/</wfw:commentRss>
			<slash:comments>0</slash:comments>
		
		
			</item>
		<item>
		<title>How to Cook Slow Cooker Chicken and Dumplings &#8211; Food Recipe</title>
		<link>/how-to-cook-slow-cooker-chicken-and-dumplings-food-recipe/</link>
					<comments>/how-to-cook-slow-cooker-chicken-and-dumplings-food-recipe/#respond</comments>
		
		<dc:creator><![CDATA[Mia]]></dc:creator>
		<pubDate>Fri, 11 Nov 2022 14:50:17 +0000</pubDate>
				<category><![CDATA[SOUP RECIPES]]></category>
		<guid isPermaLink="false">/how-to-cook-slow-cooker-chicken-and-dumplings-food-recipe/</guid>

					<description><![CDATA[<p>Ingredients: 4 skinless, boneless chicken breast halves 2 tablespoons butter 2 (10.5 ounce) cans condensed cream of chicken soup 1&#160;[&#8230;]</p>
<p>The post <a rel="nofollow" href="/how-to-cook-slow-cooker-chicken-and-dumplings-food-recipe/">How to Cook Slow Cooker Chicken and Dumplings &#8211; Food Recipe</a> appeared first on <a rel="nofollow" href="/">Chicken Recipe Today</a>.</p>
]]></description>
										<content:encoded><![CDATA[<p><img decoding="async" src="https://imagesvc.meredithcorp.io/v3/mm/image?url=https%3A%2F%2Fpublic-assets.meredithcorp.io%2Fb9ac7707ddf858cfbdfa1ae1360faf6e%2F1658610161IMG-20220723-WA0005.jpeg&#038;q=60&#038;c=sc&#038;orient=true&#038;poi=auto&#038;h=512" alt="Slow Cooker Chicken and Dumplings recipe" /></p>
<h2>Ingredients:</h2>
<p>4 skinless, boneless chicken breast halves</p>
<p>2 tablespoons butter</p>
<p>2 (10.5 ounce) cans condensed cream of chicken soup</p>
<p>1 medium onion, finely diced</p>
<p>1 (10 ounce) package refrigerated biscuit dough</p>
<p>2 cups water, or as needed to cover</p>
<h2>How to Make Slow Cooker Chicken and Dumplings</h2>
<p>Place chicken, condensed soup, onion, and butter in a slow cooker. Add enough water to cover.</p>
<p>Cover and cook for 5 to 6 hours on High.</p>
<p>About 30 minutes before serving, tear biscuit dough into pieces. Place dough in the slow cooker. Cook until dough is no longer raw in the center.</p>
<p>MEREDITH FOOD STUDIOS</p>
<h2>Nutrition</h2>
<p>385<br />
Calories<br />
18g<br />
Fat<br />
37g<br />
Carbs<br />
18g<br />
Protein</p>
<h2>More Details</h2>
<p>Prep Time:<br />
10 mins<br />
Cook Time:<br />
5 hrs<br />
Total Time:<br />
5 hrs 10 mins<br />
Servings:<br />
8</p>
<p>&nbsp;</p>
<p>Source: allrecipes.com</p>
<p>&nbsp;</p>
<p>&nbsp;</p>
<p>The post <a rel="nofollow" href="/how-to-cook-slow-cooker-chicken-and-dumplings-food-recipe/">How to Cook Slow Cooker Chicken and Dumplings &#8211; Food Recipe</a> appeared first on <a rel="nofollow" href="/">Chicken Recipe Today</a>.</p>
]]></content:encoded>
					
					<wfw:commentRss>/how-to-cook-slow-cooker-chicken-and-dumplings-food-recipe/feed/</wfw:commentRss>
			<slash:comments>0</slash:comments>
		
		
			</item>
		<item>
		<title>How to Cook Cornish Game Hens with Garlic and Rosemary &#8211; Food Recipe</title>
		<link>/how-to-cook-cornish-game-hens-with-garlic-and-rosemary-food-recipe/</link>
					<comments>/how-to-cook-cornish-game-hens-with-garlic-and-rosemary-food-recipe/#respond</comments>
		
		<dc:creator><![CDATA[Mia]]></dc:creator>
		<pubDate>Fri, 11 Nov 2022 14:50:17 +0000</pubDate>
				<category><![CDATA[MEAT AND POULTRY]]></category>
		<guid isPermaLink="false">/how-to-cook-cornish-game-hens-with-garlic-and-rosemary-food-recipe/</guid>

					<description><![CDATA[<p>Ingredients: 4 Cornish game hens 3 tablespoons olive oil, divided salt and pepper to taste 1 lemon, quartered 8 sprigs&#160;[&#8230;]</p>
<p>The post <a rel="nofollow" href="/how-to-cook-cornish-game-hens-with-garlic-and-rosemary-food-recipe/">How to Cook Cornish Game Hens with Garlic and Rosemary &#8211; Food Recipe</a> appeared first on <a rel="nofollow" href="/">Chicken Recipe Today</a>.</p>
]]></description>
										<content:encoded><![CDATA[<p><img decoding="async" src="https://imagesvc.meredithcorp.io/v3/mm/image?url=https%3A%2F%2Fpublic-assets.meredithcorp.io%2Fa56caf9b0797908b6911b0090c6ead76%2F16455886517D3A1BA7-746C-4FB2-996A-682296B0C3A4.jpeg&#038;q=60&#038;c=sc&#038;orient=true&#038;poi=auto&#038;h=512" alt="Cornish Game Hens with Garlic and Rosemary recipe" /></p>
<h2>Ingredients:</h2>
<p>4 Cornish game hens</p>
<p>3 tablespoons olive oil, divided</p>
<p>salt and pepper to taste</p>
<p>1 lemon, quartered</p>
<p>8 sprigs fresh rosemary, divided</p>
<p>24 cloves garlic</p>
<p>⅓ cup white wine</p>
<p>⅓ cup low-sodium chicken broth</p>
<h2>How to Make Cornish Game Hens with Garlic and Rosemary</h2>
<p>Preheat the oven to 450 degrees F (230 degrees C). Rub hens with 1 tablespoon olive oil; lightly season with salt and pepper. Stuff 1 lemon quarter and 1 rosemary sprig into each cavity. Place hens in a large, heavy roasting pan and arrange garlic cloves around them.</p>
<p>Roast in the preheated oven for 25 minutes. Meanwhile, whisk wine, chicken broth, and remaining 2 tablespoons olive oil together in a small bowl.</p>
<p>Remove hens from the oven; reduce the oven temperature to 350 degrees F (175 degrees C). Pour wine mixture over the hens and continue roasting, basting with pan juices every 10 minutes, until hens are golden brown and juices run clear, about 25 more minutes. An instant-read thermometer inserted near the bone should read 165 degrees F (74 degrees C).</p>
<p>Transfer hens to a platter, pouring any cavity juices into the roasting pan; discard lemons and rosemary. Tent hens with aluminum foil to keep warm.</p>
<p>Transfer pan juices and garlic cloves to a medium saucepan; boil until reduced to a sauce consistency, about 6 minutes.</p>
<p>Cut hens in half lengthwise and arrange two halves on each plate. Spoon sauce and roasted garlic on top. Garnish with remaining rosemary sprigs and serve.</p>
<p>LC206</p>
<h2>Nutrition</h2>
<p>814<br />
Calories<br />
58g<br />
Fat<br />
10g<br />
Carbs<br />
59g<br />
Protein</p>
<h2>More Details</h2>
<p>Prep Time:<br />
20 mins<br />
Cook Time:<br />
1 hrs<br />
Total Time:<br />
1 hrs 20 mins<br />
Servings:<br />
4<br />
Yield:<br />
4 hens</p>
<p>&nbsp;</p>
<p>Source: allrecipes.com</p>
<p>&nbsp;</p>
<p>&nbsp;</p>
<p>The post <a rel="nofollow" href="/how-to-cook-cornish-game-hens-with-garlic-and-rosemary-food-recipe/">How to Cook Cornish Game Hens with Garlic and Rosemary &#8211; Food Recipe</a> appeared first on <a rel="nofollow" href="/">Chicken Recipe Today</a>.</p>
]]></content:encoded>
					
					<wfw:commentRss>/how-to-cook-cornish-game-hens-with-garlic-and-rosemary-food-recipe/feed/</wfw:commentRss>
			<slash:comments>0</slash:comments>
		
		
			</item>
		<item>
		<title>How to Cook Chicken Marsala &#8211; Food Recipe</title>
		<link>/how-to-cook-chicken-marsala-food-recipe/</link>
					<comments>/how-to-cook-chicken-marsala-food-recipe/#respond</comments>
		
		<dc:creator><![CDATA[Mia]]></dc:creator>
		<pubDate>Fri, 11 Nov 2022 14:50:17 +0000</pubDate>
				<category><![CDATA[CHICKEN]]></category>
		<guid isPermaLink="false">/how-to-cook-chicken-marsala-food-recipe/</guid>

					<description><![CDATA[<p>Ingredients: ¼ cup all-purpose flour for coating ½ teaspoon salt ¼ teaspoon ground black pepper ½ teaspoon dried oregano 4&#160;[&#8230;]</p>
<p>The post <a rel="nofollow" href="/how-to-cook-chicken-marsala-food-recipe/">How to Cook Chicken Marsala &#8211; Food Recipe</a> appeared first on <a rel="nofollow" href="/">Chicken Recipe Today</a>.</p>
]]></description>
										<content:encoded><![CDATA[<p><img decoding="async" src="https://imagesvc.meredithcorp.io/v3/mm/image?url=https%3A%2F%2Fpublic-assets.meredithcorp.io%2F2b6f0e74bd673805537f629bd81d18bd%2F166441193941F8DA66-5D07-419B-9399-64077DB9E834.jpeg&#038;q=60&#038;c=sc&#038;orient=true&#038;poi=auto&#038;h=512" alt="Chicken Marsala recipe" /></p>
<h2>Ingredients:</h2>
<p>¼ cup all-purpose flour for coating</p>
<p>½ teaspoon salt</p>
<p>¼ teaspoon ground black pepper</p>
<p>½ teaspoon dried oregano</p>
<p>4 medium skinless, boneless chicken breast halves &#8211; pounded 1/4 inch thick</p>
<p>4 tablespoons butter</p>
<p>4 tablespoons olive oil</p>
<p>1 cup sliced mushrooms</p>
<p>½ cup Marsala wine</p>
<p>¼ cup cooking sherry</p>
<h2>How to Make Chicken Marsala</h2>
<p>In a shallow dish or bowl, mix together the flour, salt, pepper and oregano. Coat chicken pieces in flour mixture.</p>
<p>In a large skillet, melt butter in oil over medium heat. Place chicken in the pan, and lightly brown. Turn over chicken pieces, and add mushrooms. Pour in wine and sherry. Cover skillet; simmer chicken 10 minutes, turning once, until no longer pink and juices run clear.</p>
<p>DOTDASH MEREDITH FOOD STUDIOS</p>
<h2>Nutrition</h2>
<p>448<br />
Calories<br />
27g<br />
Fat<br />
13g<br />
Carbs<br />
29g<br />
Protein</p>
<h2>More Details</h2>
<p>Prep Time:<br />
10 mins<br />
Cook Time:<br />
20 mins<br />
Total Time:<br />
30 mins<br />
Servings:<br />
4<br />
Yield:<br />
4 servings</p>
<p>&nbsp;</p>
<p>Source: allrecipes.com</p>
<p>&nbsp;</p>
<p>&nbsp;</p>
<p>The post <a rel="nofollow" href="/how-to-cook-chicken-marsala-food-recipe/">How to Cook Chicken Marsala &#8211; Food Recipe</a> appeared first on <a rel="nofollow" href="/">Chicken Recipe Today</a>.</p>
]]></content:encoded>
					
					<wfw:commentRss>/how-to-cook-chicken-marsala-food-recipe/feed/</wfw:commentRss>
			<slash:comments>0</slash:comments>
		
		
			</item>
		<item>
		<title>How to Cook Broccoli Chicken Divan &#8211; Food Recipe</title>
		<link>/how-to-cook-broccoli-chicken-divan-food-recipe/</link>
					<comments>/how-to-cook-broccoli-chicken-divan-food-recipe/#respond</comments>
		
		<dc:creator><![CDATA[Mia]]></dc:creator>
		<pubDate>Fri, 11 Nov 2022 14:50:17 +0000</pubDate>
				<category><![CDATA[SIDE DISH]]></category>
		<guid isPermaLink="false">/how-to-cook-broccoli-chicken-divan-food-recipe/</guid>

					<description><![CDATA[<p>Ingredients: 1 pound chopped fresh broccoli 1 ½ cups cubed, cooked chicken meat 1 (10.5 ounce) can condensed cream of&#160;[&#8230;]</p>
<p>The post <a rel="nofollow" href="/how-to-cook-broccoli-chicken-divan-food-recipe/">How to Cook Broccoli Chicken Divan &#8211; Food Recipe</a> appeared first on <a rel="nofollow" href="/">Chicken Recipe Today</a>.</p>
]]></description>
										<content:encoded><![CDATA[<p><img decoding="async" src="https://imagesvc.meredithcorp.io/v3/mm/image?url=https%3A%2F%2Fpublic-assets.meredithcorp.io%2F8988e62c6486dcf7e9f577c7aef2723d%2F1667264091911PXL_20221101_003829293.jpg&#038;q=60&#038;c=sc&#038;orient=true&#038;poi=auto&#038;h=512" alt="Broccoli Chicken Divan recipe" /></p>
<h2>Ingredients:</h2>
<p>1 pound chopped fresh broccoli</p>
<p>1 ½ cups cubed, cooked chicken meat</p>
<p>1 (10.5 ounce) can condensed cream of broccoli soup</p>
<p>⅓ cup milk</p>
<p>½ cup shredded Cheddar cheese</p>
<p>2 tablespoons dried bread crumbs</p>
<p>1 tablespoon butter, melted</p>
<h2>How to Make Broccoli Chicken Divan</h2>
<p>Preheat the oven to 450 degrees F (230 degrees C).</p>
<p>Place broccoli in a saucepan with enough water to cover. Bring to a boil and cook until tender, about 5 minutes. Drain.</p>
<p>Transfer cooked broccoli to a 9-inch pie plate. Scatter chicken over top.</p>
<p>Mix condensed soup and milk together in a bowl. Mix bread crumbs and melted butter together in another bowl.</p>
<p>Pour soup mixture over the chicken, then sprinkle with Cheddar cheese. Sprinkle buttered bread crumbs over top.</p>
<p>Bake in the preheated oven until casserole is bubbly and the top is golden brown, about 15 minutes.</p>
<p>DOTDASH MEREDITH FOOD STUDIOS</p>
<h2>Nutrition</h2>
<p>186<br />
Calories<br />
9g<br />
Fat<br />
12g<br />
Carbs<br />
16g<br />
Protein</p>
<h2>More Details</h2>
<p>Prep Time:<br />
20 mins<br />
Cook Time:<br />
20 mins<br />
Total Time:<br />
40 mins<br />
Servings:<br />
6</p>
<p>&nbsp;</p>
<p>Source: allrecipes.com</p>
<p>&nbsp;</p>
<p>&nbsp;</p>
<p>The post <a rel="nofollow" href="/how-to-cook-broccoli-chicken-divan-food-recipe/">How to Cook Broccoli Chicken Divan &#8211; Food Recipe</a> appeared first on <a rel="nofollow" href="/">Chicken Recipe Today</a>.</p>
]]></content:encoded>
					
					<wfw:commentRss>/how-to-cook-broccoli-chicken-divan-food-recipe/feed/</wfw:commentRss>
			<slash:comments>0</slash:comments>
		
		
			</item>
		<item>
		<title>How to Cook Homemade Chicken Nuggets &#8211; Food Recipe</title>
		<link>/how-to-cook-homemade-chicken-nuggets-food-recipe/</link>
					<comments>/how-to-cook-homemade-chicken-nuggets-food-recipe/#respond</comments>
		
		<dc:creator><![CDATA[Mia]]></dc:creator>
		<pubDate>Fri, 11 Nov 2022 14:50:17 +0000</pubDate>
				<category><![CDATA[CHICKEN]]></category>
		<guid isPermaLink="false">/how-to-cook-homemade-chicken-nuggets-food-recipe/</guid>

					<description><![CDATA[<p>Ingredients: 3 skinless, boneless chicken breasts 1 cup Italian seasoned bread crumbs ½ cup grated Parmesan cheese 1 tablespoon dried&#160;[&#8230;]</p>
<p>The post <a rel="nofollow" href="/how-to-cook-homemade-chicken-nuggets-food-recipe/">How to Cook Homemade Chicken Nuggets &#8211; Food Recipe</a> appeared first on <a rel="nofollow" href="/">Chicken Recipe Today</a>.</p>
]]></description>
										<content:encoded><![CDATA[<p><img decoding="async" src="https://imagesvc.meredithcorp.io/v3/mm/image?url=https%3A%2F%2Fpublic-assets.meredithcorp.io%2F17c1c58ed49ef0d60114e130348a3d50%2F166224795120220903_191733.jpg&#038;q=60&#038;c=sc&#038;orient=true&#038;poi=auto&#038;h=512" alt="Homemade Chicken Nuggets recipe" /></p>
<h2>Ingredients:</h2>
<p>3 skinless, boneless chicken breasts</p>
<p>1 cup Italian seasoned bread crumbs</p>
<p>½ cup grated Parmesan cheese</p>
<p>1 tablespoon dried basil</p>
<p>1 teaspoon dried thyme</p>
<p>1 teaspoon salt</p>
<p>½ cup butter, melted</p>
<h2>How to Make Homemade Chicken Nuggets</h2>
<p>Preheat the oven to 400 degrees F (200 degrees C).</p>
<p>Cut chicken breasts into 1 1/2-inch pieces. Mix the bread crumbs, Parmesan, basil, thyme, and salt together well in a medium bowl. Put melted butter in a bowl or dish for dipping.</p>
<p>Dip chicken pieces into the melted butter first, then coat with the bread crumb mixture. Place the well-coated chicken nuggets on a lightly greased cookie sheet in a single layer.</p>
<p>Bake nuggets in the preheated oven until browned and chicken is cooked through, about 20 minutes.</p>
<h2>Nutrition</h2>
<p>308<br />
Calories<br />
19g<br />
Fat<br />
15g<br />
Carbs<br />
19g<br />
Protein</p>
<h2>More Details</h2>
<p>Prep Time:<br />
20 mins<br />
Cook Time:<br />
20 mins<br />
Total Time:<br />
40 mins<br />
Servings:<br />
6</p>
<p>&nbsp;</p>
<p>Source: allrecipes.com</p>
<p>&nbsp;</p>
<p>&nbsp;</p>
<p>The post <a rel="nofollow" href="/how-to-cook-homemade-chicken-nuggets-food-recipe/">How to Cook Homemade Chicken Nuggets &#8211; Food Recipe</a> appeared first on <a rel="nofollow" href="/">Chicken Recipe Today</a>.</p>
]]></content:encoded>
					
					<wfw:commentRss>/how-to-cook-homemade-chicken-nuggets-food-recipe/feed/</wfw:commentRss>
			<slash:comments>0</slash:comments>
		
		
			</item>
		<item>
		<title>How to Cook Homemade Chicken Soup &#8211; Food Recipe</title>
		<link>/how-to-cook-homemade-chicken-soup-food-recipe/</link>
					<comments>/how-to-cook-homemade-chicken-soup-food-recipe/#respond</comments>
		
		<dc:creator><![CDATA[Mia]]></dc:creator>
		<pubDate>Fri, 11 Nov 2022 14:50:17 +0000</pubDate>
				<category><![CDATA[SOUPS, STEWS AND CHILI RECIPES]]></category>
		<guid isPermaLink="false">/how-to-cook-homemade-chicken-soup-food-recipe/</guid>

					<description><![CDATA[<p>Ingredients: 1 (3 pound) whole chicken 4 carrots, halved 4 stalks celery, halved 1 large onion, halved water to cover&#160;[&#8230;]</p>
<p>The post <a rel="nofollow" href="/how-to-cook-homemade-chicken-soup-food-recipe/">How to Cook Homemade Chicken Soup &#8211; Food Recipe</a> appeared first on <a rel="nofollow" href="/">Chicken Recipe Today</a>.</p>
]]></description>
										<content:encoded><![CDATA[<p><img decoding="async" src="https://imagesvc.meredithcorp.io/v3/mm/image?url=https%3A%2F%2Fimages.media-allrecipes.com%2Fuserphotos%2F9432255.jpg&#038;q=60&#038;c=sc&#038;orient=true&#038;poi=auto&#038;h=512" alt="Homemade Chicken Soup recipe" /></p>
<h2>Ingredients:</h2>
<p>1 (3 pound) whole chicken</p>
<p>4 carrots, halved</p>
<p>4 stalks celery, halved</p>
<p>1 large onion, halved</p>
<p>water to cover</p>
<p>salt and pepper to taste</p>
<p>1 teaspoon chicken bouillon granules (Optional)</p>
<h2>How to Make Homemade Chicken Soup</h2>
<p>Place chicken, carrots, celery, and onion in a large soup pot; add enough cold water to cover. Bring to a boil over medium heat; reduce heat to low and simmer, uncovered, until meat falls off of the bone, about 90 minutes. Skim off foam every so often, as needed.</p>
<p>Remove chicken from the pot and let sit until cool enough to handle; chop meat into pieces, and discard skin and bones.</p>
<p>Strain out vegetables, reserving the stock; rinse the soup pot and return the stock to the pot. Chop vegetables into smaller pieces; return chopped chicken and vegetables to the pot.</p>
<p>Warm soup until heated through; season with salt, pepper, and chicken bouillon to taste.</p>
<h2>Nutrition</h2>
<p>152<br />
Calories<br />
9g<br />
Fat<br />
4g<br />
Carbs<br />
13g<br />
Protein</p>
<h2>More Details</h2>
<p>Prep Time:<br />
15 mins<br />
Cook Time:<br />
1 hrs 30 mins<br />
Total Time:<br />
1 hrs 45 mins<br />
Servings:<br />
10</p>
<p>&nbsp;</p>
<p>Source: allrecipes.com</p>
<p>&nbsp;</p>
<p>&nbsp;</p>
<p>The post <a rel="nofollow" href="/how-to-cook-homemade-chicken-soup-food-recipe/">How to Cook Homemade Chicken Soup &#8211; Food Recipe</a> appeared first on <a rel="nofollow" href="/">Chicken Recipe Today</a>.</p>
]]></content:encoded>
					
					<wfw:commentRss>/how-to-cook-homemade-chicken-soup-food-recipe/feed/</wfw:commentRss>
			<slash:comments>0</slash:comments>
		
		
			</item>
		<item>
		<title>How to Cook Cajun Chicken Pasta &#8211; Food Recipe</title>
		<link>/how-to-cook-cajun-chicken-pasta-food-recipe/</link>
					<comments>/how-to-cook-cajun-chicken-pasta-food-recipe/#respond</comments>
		
		<dc:creator><![CDATA[Mia]]></dc:creator>
		<pubDate>Fri, 11 Nov 2022 14:50:17 +0000</pubDate>
				<category><![CDATA[MAIN DISHES]]></category>
		<guid isPermaLink="false">/how-to-cook-cajun-chicken-pasta-food-recipe/</guid>

					<description><![CDATA[<p>Ingredients: 4 ounces linguine pasta 2 skinless, boneless chicken breast halves 2 teaspoons Cajun seasoning 2 tablespoons butter 1 red&#160;[&#8230;]</p>
<p>The post <a rel="nofollow" href="/how-to-cook-cajun-chicken-pasta-food-recipe/">How to Cook Cajun Chicken Pasta &#8211; Food Recipe</a> appeared first on <a rel="nofollow" href="/">Chicken Recipe Today</a>.</p>
]]></description>
										<content:encoded><![CDATA[<p><img decoding="async" src="https://imagesvc.meredithcorp.io/v3/mm/image?url=https%3A%2F%2Fpublic-assets.meredithcorp.io%2Fce6704465db384e8b09aca30096e65a4%2F1666557390065F4676729-E400-49C7-8E4D-4FB3EA5BCF6D.jpeg&#038;q=60&#038;c=sc&#038;orient=true&#038;poi=auto&#038;h=512" alt="Cajun Chicken Pasta recipe" /></p>
<h2>Ingredients:</h2>
<p>4 ounces linguine pasta</p>
<p>2 skinless, boneless chicken breast halves</p>
<p>2 teaspoons Cajun seasoning</p>
<p>2 tablespoons butter</p>
<p>1 red bell pepper, sliced</p>
<p>1 green bell pepper, sliced</p>
<p>4 fresh mushrooms, sliced</p>
<p>1 green onion, chopped</p>
<p>1 cup heavy cream</p>
<p>¼ teaspoon dried basil</p>
<p>¼ teaspoon lemon pepper</p>
<p>¼ teaspoon salt</p>
<p>⅛ teaspoon garlic powder</p>
<p>⅛ teaspoon ground black pepper</p>
<p>¼ cup grated Parmesan cheese</p>
<h2>How to Make Cajun Chicken Pasta</h2>
<p>Bring a large pot of lightly salted water to a boil. Add pasta and cook until al dente, 8 to 10 minutes. Drain.</p>
<p>Cut chicken breast into strips. Place chicken and Cajun seasoning in a plastic bag. Shake to coat.</p>
<p>Melt butter in a large skillet over medium heat. Add chicken and cook, stirring, until browned and almost cooked through, 5 to 7 minutes.</p>
<p>Add bell peppers, mushrooms, and green onion. Cook, stirring, 2 to 3 minutes.</p>
<p>Reduce the heat and stir in cream, basil, lemon pepper, salt, garlic powder, and black pepper. Heat through. Add cooked linguine, toss, and heat through.</p>
<p>Sprinkle with Parmesan and serve.</p>
<p>HUMBLEPIELIVING</p>
<h2>Nutrition</h2>
<p>935<br />
Calories<br />
62g<br />
Fat<br />
54g<br />
Carbs<br />
44g<br />
Protein</p>
<h2>More Details</h2>
<p>Prep Time:<br />
20 mins<br />
Cook Time:<br />
20 mins<br />
Total Time:<br />
40 mins<br />
Servings:<br />
2</p>
<p>&nbsp;</p>
<p>Source: allrecipes.com</p>
<p>&nbsp;</p>
<p>&nbsp;</p>
<p>The post <a rel="nofollow" href="/how-to-cook-cajun-chicken-pasta-food-recipe/">How to Cook Cajun Chicken Pasta &#8211; Food Recipe</a> appeared first on <a rel="nofollow" href="/">Chicken Recipe Today</a>.</p>
]]></content:encoded>
					
					<wfw:commentRss>/how-to-cook-cajun-chicken-pasta-food-recipe/feed/</wfw:commentRss>
			<slash:comments>0</slash:comments>
		
		
			</item>
		<item>
		<title>How to Cook Yummy Honey Chicken Kabobs &#8211; Food Recipe</title>
		<link>/how-to-cook-yummy-honey-chicken-kabobs-food-recipe/</link>
					<comments>/how-to-cook-yummy-honey-chicken-kabobs-food-recipe/#respond</comments>
		
		<dc:creator><![CDATA[Mia]]></dc:creator>
		<pubDate>Fri, 11 Nov 2022 14:50:17 +0000</pubDate>
				<category><![CDATA[BBQ & GRILLING]]></category>
		<guid isPermaLink="false">/how-to-cook-yummy-honey-chicken-kabobs-food-recipe/</guid>

					<description><![CDATA[<p>Ingredients: ⅓ cup honey ⅓ cup soy sauce ¼ cup vegetable oil ¼ teaspoon ground black pepper How to Make&#160;[&#8230;]</p>
<p>The post <a rel="nofollow" href="/how-to-cook-yummy-honey-chicken-kabobs-food-recipe/">How to Cook Yummy Honey Chicken Kabobs &#8211; Food Recipe</a> appeared first on <a rel="nofollow" href="/">Chicken Recipe Today</a>.</p>
]]></description>
										<content:encoded><![CDATA[<p><img decoding="async" src="https://imagesvc.meredithcorp.io/v3/mm/image?url=https%3A%2F%2Fpublic-assets.meredithcorp.io%2F27145d77acae45d1ace7bd59b6033891%2F16535192608CBEF2B0-CCB2-4893-B6CE-393E49F55D7B.jpeg&#038;q=60&#038;c=sc&#038;orient=true&#038;poi=auto&#038;h=512" alt="Yummy Honey Chicken Kabobs recipe" /></p>
<h2>Ingredients:</h2>
<p>⅓ cup honey</p>
<p>⅓ cup soy sauce</p>
<p>¼ cup vegetable oil</p>
<p>¼ teaspoon ground black pepper</p>
<h2>How to Make Yummy Honey Chicken Kabobs</h2>
<p>Whisk together honey, soy sauce, oil, and black pepper for marinade in a large glass bowl. Remove 1/4 cup of the marinade to a small jar; seal and set aside to use while cooking.</p>
<p>Add chicken, onions, bell peppers, and garlic to the marinade in the large bowl. Cover and marinate in the refrigerator for 2 hours or overnight.</p>
<p>When ready to cook, preheat an outdoor grill for high heat and lightly oil the grate.</p>
<p>Drain marinade from the chicken and vegetables, and discard marinade. Thread chicken and vegetables alternately onto skewers.</p>
<p>Place kabobs on the preheated grill. Cook, turning frequently and brushing with the reserved marinade, until the chicken is no longer pink in the middle and the juices run clear, 12 to 15 minutes total.</p>
<h2>Nutrition</h2>
<p>179<br />
Calories<br />
7g<br />
Fat<br />
12g<br />
Carbs<br />
17g<br />
Protein</p>
<h2>More Details</h2>
<p>Prep Time:<br />
15 mins<br />
Cook Time:<br />
15 mins<br />
Additional Time:<br />
2 hrs<br />
Total Time:<br />
2 hrs 30 mins<br />
Servings:<br />
12</p>
<p>&nbsp;</p>
<p>Source: allrecipes.com</p>
<p>&nbsp;</p>
<p>&nbsp;</p>
<p>The post <a rel="nofollow" href="/how-to-cook-yummy-honey-chicken-kabobs-food-recipe/">How to Cook Yummy Honey Chicken Kabobs &#8211; Food Recipe</a> appeared first on <a rel="nofollow" href="/">Chicken Recipe Today</a>.</p>
]]></content:encoded>
					
					<wfw:commentRss>/how-to-cook-yummy-honey-chicken-kabobs-food-recipe/feed/</wfw:commentRss>
			<slash:comments>0</slash:comments>
		
		
			</item>
		<item>
		<title>How to Cook Blackened Chicken &#8211; Food Recipe</title>
		<link>/how-to-cook-blackened-chicken-food-recipe/</link>
					<comments>/how-to-cook-blackened-chicken-food-recipe/#respond</comments>
		
		<dc:creator><![CDATA[Mia]]></dc:creator>
		<pubDate>Fri, 11 Nov 2022 14:50:17 +0000</pubDate>
				<category><![CDATA[CHICKEN]]></category>
		<guid isPermaLink="false">/how-to-cook-blackened-chicken-food-recipe/</guid>

					<description><![CDATA[<p>Ingredients: ½ teaspoon paprika ¼ teaspoon cayenne pepper ¼ teaspoon ground cumin ¼ teaspoon dried thyme ⅛ teaspoon onion powder&#160;[&#8230;]</p>
<p>The post <a rel="nofollow" href="/how-to-cook-blackened-chicken-food-recipe/">How to Cook Blackened Chicken &#8211; Food Recipe</a> appeared first on <a rel="nofollow" href="/">Chicken Recipe Today</a>.</p>
]]></description>
										<content:encoded><![CDATA[<p><img decoding="async" src="https://imagesvc.meredithcorp.io/v3/mm/image?url=https%3A%2F%2Fpublic-assets-ucg.meredithcorp.io%2Fb747401fab81839fc9c623b02c71cba2%2F7648441.jpg&#038;q=60&#038;c=sc&#038;orient=true&#038;poi=auto&#038;h=512" alt="Blackened Chicken recipe" /></p>
<h2>Ingredients:</h2>
<p>½ teaspoon paprika</p>
<p>¼ teaspoon cayenne pepper</p>
<p>¼ teaspoon ground cumin</p>
<p>¼ teaspoon dried thyme</p>
<p>⅛ teaspoon onion powder</p>
<p>⅛ teaspoon ground white pepper</p>
<p>⅛ teaspoon salt</p>
<p>2 skinless, boneless chicken breast halves</p>
<p>cooking spray</p>
<h2>How to Make Blackened Chicken</h2>
<p>Preheat the oven to 350 degrees F (175 degrees C). Spray a baking sheet with cooking spray.</p>
<p>Heat a cast-iron skillet over high heat until it is smoking hot, about 5 minutes.</p>
<p>While the skillet is heating, mix together paprika, cayenne, cumin, thyme, onion powder, white pepper, and salt in a small bowl. Spray chicken breasts on both sides with cooking spray, then coat evenly with spice mixture.</p>
<p>Place chicken in the hot pan and cook for 1 minute. Turn, and cook 1 minute on other side. Transfer chicken to the prepared baking sheet.</p>
<p>Bake in the preheated oven until chicken is no longer pink in the center and the juices run clear, about 5 minutes.</p>
<p>CARRIE C.</p>
<h2>Nutrition</h2>
<p>135<br />
Calories<br />
3g<br />
Fat<br />
1g<br />
Carbs<br />
25g<br />
Protein</p>
<h2>More Details</h2>
<p>Prep Time:<br />
10 mins<br />
Cook Time:<br />
10 mins<br />
Total Time:<br />
20 mins<br />
Servings:<br />
2<br />
Yield:<br />
2 chicken breast halves</p>
<p>&nbsp;</p>
<p>Source: allrecipes.com</p>
<p>&nbsp;</p>
<p>&nbsp;</p>
<p>The post <a rel="nofollow" href="/how-to-cook-blackened-chicken-food-recipe/">How to Cook Blackened Chicken &#8211; Food Recipe</a> appeared first on <a rel="nofollow" href="/">Chicken Recipe Today</a>.</p>
]]></content:encoded>
					
					<wfw:commentRss>/how-to-cook-blackened-chicken-food-recipe/feed/</wfw:commentRss>
			<slash:comments>0</slash:comments>
		
		
			</item>
	</channel>
</rss>
