<?xml version="1.0" encoding="UTF-8"?><rss version="2.0"
	xmlns:content="http://purl.org/rss/1.0/modules/content/"
	xmlns:wfw="http://wellformedweb.org/CommentAPI/"
	xmlns:dc="http://purl.org/dc/elements/1.1/"
	xmlns:atom="http://www.w3.org/2005/Atom"
	xmlns:sy="http://purl.org/rss/1.0/modules/syndication/"
	xmlns:slash="http://purl.org/rss/1.0/modules/slash/"
	>

<channel>
	<title>SIDE DISH &#8211; Chicken Recipe Today</title>
	<atom:link href="/category/side-dish/feed/" rel="self" type="application/rss+xml" />
	<link>/</link>
	<description>Today Chicken Yesterday Chicken</description>
	<lastBuildDate>Fri, 11 Nov 2022 14:50:17 +0000</lastBuildDate>
	<language>en-US</language>
	<sy:updatePeriod>
	hourly	</sy:updatePeriod>
	<sy:updateFrequency>
	1	</sy:updateFrequency>
	<generator>https://wordpress.org/?v=6.1</generator>
	<item>
		<title>How to Cook Broccoli Chicken Divan &#8211; Food Recipe</title>
		<link>/how-to-cook-broccoli-chicken-divan-food-recipe/</link>
					<comments>/how-to-cook-broccoli-chicken-divan-food-recipe/#respond</comments>
		
		<dc:creator><![CDATA[Mia]]></dc:creator>
		<pubDate>Fri, 11 Nov 2022 14:50:17 +0000</pubDate>
				<category><![CDATA[SIDE DISH]]></category>
		<guid isPermaLink="false">/how-to-cook-broccoli-chicken-divan-food-recipe/</guid>

					<description><![CDATA[<p>Ingredients: 1 pound chopped fresh broccoli 1 ½ cups cubed, cooked chicken meat 1 (10.5 ounce) can condensed cream of&#160;[&#8230;]</p>
<p>The post <a rel="nofollow" href="/how-to-cook-broccoli-chicken-divan-food-recipe/">How to Cook Broccoli Chicken Divan &#8211; Food Recipe</a> appeared first on <a rel="nofollow" href="/">Chicken Recipe Today</a>.</p>
]]></description>
										<content:encoded><![CDATA[<p><img decoding="async" src="https://imagesvc.meredithcorp.io/v3/mm/image?url=https%3A%2F%2Fpublic-assets.meredithcorp.io%2F8988e62c6486dcf7e9f577c7aef2723d%2F1667264091911PXL_20221101_003829293.jpg&#038;q=60&#038;c=sc&#038;orient=true&#038;poi=auto&#038;h=512" alt="Broccoli Chicken Divan recipe" /></p>
<h2>Ingredients:</h2>
<p>1 pound chopped fresh broccoli</p>
<p>1 ½ cups cubed, cooked chicken meat</p>
<p>1 (10.5 ounce) can condensed cream of broccoli soup</p>
<p>⅓ cup milk</p>
<p>½ cup shredded Cheddar cheese</p>
<p>2 tablespoons dried bread crumbs</p>
<p>1 tablespoon butter, melted</p>
<h2>How to Make Broccoli Chicken Divan</h2>
<p>Preheat the oven to 450 degrees F (230 degrees C).</p>
<p>Place broccoli in a saucepan with enough water to cover. Bring to a boil and cook until tender, about 5 minutes. Drain.</p>
<p>Transfer cooked broccoli to a 9-inch pie plate. Scatter chicken over top.</p>
<p>Mix condensed soup and milk together in a bowl. Mix bread crumbs and melted butter together in another bowl.</p>
<p>Pour soup mixture over the chicken, then sprinkle with Cheddar cheese. Sprinkle buttered bread crumbs over top.</p>
<p>Bake in the preheated oven until casserole is bubbly and the top is golden brown, about 15 minutes.</p>
<p>DOTDASH MEREDITH FOOD STUDIOS</p>
<h2>Nutrition</h2>
<p>186<br />
Calories<br />
9g<br />
Fat<br />
12g<br />
Carbs<br />
16g<br />
Protein</p>
<h2>More Details</h2>
<p>Prep Time:<br />
20 mins<br />
Cook Time:<br />
20 mins<br />
Total Time:<br />
40 mins<br />
Servings:<br />
6</p>
<p>&nbsp;</p>
<p>Source: allrecipes.com</p>
<p>&nbsp;</p>
<p>&nbsp;</p>
<p>The post <a rel="nofollow" href="/how-to-cook-broccoli-chicken-divan-food-recipe/">How to Cook Broccoli Chicken Divan &#8211; Food Recipe</a> appeared first on <a rel="nofollow" href="/">Chicken Recipe Today</a>.</p>
]]></content:encoded>
					
					<wfw:commentRss>/how-to-cook-broccoli-chicken-divan-food-recipe/feed/</wfw:commentRss>
			<slash:comments>0</slash:comments>
		
		
			</item>
	</channel>
</rss>
