<?xml version="1.0" encoding="UTF-8"?><rss version="2.0"
	xmlns:content="http://purl.org/rss/1.0/modules/content/"
	xmlns:wfw="http://wellformedweb.org/CommentAPI/"
	xmlns:dc="http://purl.org/dc/elements/1.1/"
	xmlns:atom="http://www.w3.org/2005/Atom"
	xmlns:sy="http://purl.org/rss/1.0/modules/syndication/"
	xmlns:slash="http://purl.org/rss/1.0/modules/slash/"
	>

<channel>
	<title>CHICKEN &#8211; Chicken Recipe Today</title>
	<atom:link href="/category/chicken/feed/" rel="self" type="application/rss+xml" />
	<link>/</link>
	<description>Today Chicken Yesterday Chicken</description>
	<lastBuildDate>Fri, 11 Nov 2022 14:50:17 +0000</lastBuildDate>
	<language>en-US</language>
	<sy:updatePeriod>
	hourly	</sy:updatePeriod>
	<sy:updateFrequency>
	1	</sy:updateFrequency>
	<generator>https://wordpress.org/?v=6.1</generator>
	<item>
		<title>How to Cook Baked Garlic Parmesan Chicken &#8211; Food Recipe</title>
		<link>/how-to-cook-baked-garlic-parmesan-chicken-food-recipe/</link>
					<comments>/how-to-cook-baked-garlic-parmesan-chicken-food-recipe/#respond</comments>
		
		<dc:creator><![CDATA[Mia]]></dc:creator>
		<pubDate>Fri, 11 Nov 2022 14:50:17 +0000</pubDate>
				<category><![CDATA[CHICKEN]]></category>
		<guid isPermaLink="false">/how-to-cook-baked-garlic-parmesan-chicken-food-recipe/</guid>

					<description><![CDATA[<p>Ingredients: 2 tablespoons olive oil 1 clove garlic, minced 1 cup dry bread crumbs ⅔ cup grated Parmesan cheese 1&#160;[&#8230;]</p>
<p>The post <a rel="nofollow" href="/how-to-cook-baked-garlic-parmesan-chicken-food-recipe/">How to Cook Baked Garlic Parmesan Chicken &#8211; Food Recipe</a> appeared first on <a rel="nofollow" href="/">Chicken Recipe Today</a>.</p>
]]></description>
										<content:encoded><![CDATA[<p><img decoding="async" src="https://imagesvc.meredithcorp.io/v3/mm/image?url=https%3A%2F%2Fimages.media-allrecipes.com%2Fuserphotos%2F9419196.jpg&#038;q=60&#038;c=sc&#038;orient=true&#038;poi=auto&#038;h=512" alt="Baked Garlic Parmesan Chicken recipe" /></p>
<h2>Ingredients:</h2>
<p>2 tablespoons olive oil</p>
<p>1 clove garlic, minced</p>
<p>1 cup dry bread crumbs</p>
<p>⅔ cup grated Parmesan cheese</p>
<p>1 teaspoon dried basil leaves</p>
<p>¼ teaspoon ground black pepper</p>
<p>6 skinless, boneless chicken breast halves</p>
<h2>How to Make Baked Garlic Parmesan Chicken</h2>
<p>Preheat oven to 350 degrees F (175 degrees C). Lightly grease a 9&#215;13 inch baking dish.</p>
<p>In a bowl, blend the olive oil and garlic. In a separate bowl, mix the bread crumbs, Parmesan cheese, basil, and pepper. Dip each chicken breast in the oil mixture, then in the bread crumb mixture. Arrange the coated chicken breasts in the prepared baking dish, and top with any remaining bread crumb mixture.</p>
<p>Bake 30 minutes in the preheated oven, or until chicken is no longer pink and juices run clear.</p>
<p>ALBERTA ROSE</p>
<h2>Nutrition</h2>
<p>281<br />
Calories<br />
11g<br />
Fat<br />
14g<br />
Carbs<br />
30g<br />
Protein</p>
<h2>More Details</h2>
<p>Prep Time:<br />
15 mins<br />
Cook Time:<br />
30 mins<br />
Total Time:<br />
45 mins<br />
Servings:<br />
6<br />
Yield:<br />
6 servings</p>
<p>&nbsp;</p>
<p>Source: allrecipes.com</p>
<p>&nbsp;</p>
<p>&nbsp;</p>
<p>The post <a rel="nofollow" href="/how-to-cook-baked-garlic-parmesan-chicken-food-recipe/">How to Cook Baked Garlic Parmesan Chicken &#8211; Food Recipe</a> appeared first on <a rel="nofollow" href="/">Chicken Recipe Today</a>.</p>
]]></content:encoded>
					
					<wfw:commentRss>/how-to-cook-baked-garlic-parmesan-chicken-food-recipe/feed/</wfw:commentRss>
			<slash:comments>0</slash:comments>
		
		
			</item>
		<item>
		<title>How to Cook Chicken Katsu &#8211; Food Recipe</title>
		<link>/how-to-cook-chicken-katsu-food-recipe/</link>
					<comments>/how-to-cook-chicken-katsu-food-recipe/#respond</comments>
		
		<dc:creator><![CDATA[Mia]]></dc:creator>
		<pubDate>Fri, 11 Nov 2022 14:50:17 +0000</pubDate>
				<category><![CDATA[CHICKEN]]></category>
		<guid isPermaLink="false">/how-to-cook-chicken-katsu-food-recipe/</guid>

					<description><![CDATA[<p>Ingredients: 4 skinless, boneless chicken breast halves &#8211; pounded to 1/2 inch thickness salt and pepper to taste 2 tablespoons&#160;[&#8230;]</p>
<p>The post <a rel="nofollow" href="/how-to-cook-chicken-katsu-food-recipe/">How to Cook Chicken Katsu &#8211; Food Recipe</a> appeared first on <a rel="nofollow" href="/">Chicken Recipe Today</a>.</p>
]]></description>
										<content:encoded><![CDATA[<p><img decoding="async" src="https://imagesvc.meredithcorp.io/v3/mm/image?url=https%3A%2F%2Fpublic-assets.meredithcorp.io%2Faac4f130c170a89298ce40417808ac4f%2F1664068535IMG_2438.jpeg&#038;q=60&#038;c=sc&#038;orient=true&#038;poi=auto&#038;h=512" alt="Chicken Katsu recipe" /></p>
<h2>Ingredients:</h2>
<p>4 skinless, boneless chicken breast halves &#8211; pounded to 1/2 inch thickness</p>
<p>salt and pepper to taste</p>
<p>2 tablespoons all-purpose flour</p>
<p>1 egg, beaten</p>
<p>1 cup panko bread crumbs</p>
<p>1 cup oil for frying, or as needed</p>
<h2>How to Make Chicken Katsu</h2>
<p>Season chicken breasts on both sides with salt and pepper. Place flour, beaten egg, and panko crumbs into separate shallow dishes. Coat chicken breasts in flour, shaking off any excess; dip into egg, and then press into panko crumbs until well coated on both sides.</p>
<p>Heat oil in a large skillet over medium-high heat. Place chicken in the hot oil, and fry until golden brown, 3 or 4 minutes per side. Transfer to a paper towel-lined plate to drain.</p>
<p>MITSUHA KIRIGAIJA</p>
<h2>Nutrition</h2>
<p>297<br />
Calories<br />
11g<br />
Fat<br />
22g<br />
Carbs<br />
31g<br />
Protein</p>
<h2>More Details</h2>
<p>Prep Time:<br />
15 mins<br />
Cook Time:<br />
10 mins<br />
Total Time:<br />
25 mins<br />
Servings:<br />
4</p>
<p>&nbsp;</p>
<p>Source: allrecipes.com</p>
<p>&nbsp;</p>
<p>&nbsp;</p>
<p>The post <a rel="nofollow" href="/how-to-cook-chicken-katsu-food-recipe/">How to Cook Chicken Katsu &#8211; Food Recipe</a> appeared first on <a rel="nofollow" href="/">Chicken Recipe Today</a>.</p>
]]></content:encoded>
					
					<wfw:commentRss>/how-to-cook-chicken-katsu-food-recipe/feed/</wfw:commentRss>
			<slash:comments>0</slash:comments>
		
		
			</item>
		<item>
		<title>How to Cook Blackened Chicken &#8211; Food Recipe</title>
		<link>/how-to-cook-blackened-chicken-food-recipe/</link>
					<comments>/how-to-cook-blackened-chicken-food-recipe/#respond</comments>
		
		<dc:creator><![CDATA[Mia]]></dc:creator>
		<pubDate>Fri, 11 Nov 2022 14:50:17 +0000</pubDate>
				<category><![CDATA[CHICKEN]]></category>
		<guid isPermaLink="false">/how-to-cook-blackened-chicken-food-recipe/</guid>

					<description><![CDATA[<p>Ingredients: ½ teaspoon paprika ¼ teaspoon cayenne pepper ¼ teaspoon ground cumin ¼ teaspoon dried thyme ⅛ teaspoon onion powder&#160;[&#8230;]</p>
<p>The post <a rel="nofollow" href="/how-to-cook-blackened-chicken-food-recipe/">How to Cook Blackened Chicken &#8211; Food Recipe</a> appeared first on <a rel="nofollow" href="/">Chicken Recipe Today</a>.</p>
]]></description>
										<content:encoded><![CDATA[<p><img decoding="async" src="https://imagesvc.meredithcorp.io/v3/mm/image?url=https%3A%2F%2Fpublic-assets-ucg.meredithcorp.io%2Fb747401fab81839fc9c623b02c71cba2%2F7648441.jpg&#038;q=60&#038;c=sc&#038;orient=true&#038;poi=auto&#038;h=512" alt="Blackened Chicken recipe" /></p>
<h2>Ingredients:</h2>
<p>½ teaspoon paprika</p>
<p>¼ teaspoon cayenne pepper</p>
<p>¼ teaspoon ground cumin</p>
<p>¼ teaspoon dried thyme</p>
<p>⅛ teaspoon onion powder</p>
<p>⅛ teaspoon ground white pepper</p>
<p>⅛ teaspoon salt</p>
<p>2 skinless, boneless chicken breast halves</p>
<p>cooking spray</p>
<h2>How to Make Blackened Chicken</h2>
<p>Preheat the oven to 350 degrees F (175 degrees C). Spray a baking sheet with cooking spray.</p>
<p>Heat a cast-iron skillet over high heat until it is smoking hot, about 5 minutes.</p>
<p>While the skillet is heating, mix together paprika, cayenne, cumin, thyme, onion powder, white pepper, and salt in a small bowl. Spray chicken breasts on both sides with cooking spray, then coat evenly with spice mixture.</p>
<p>Place chicken in the hot pan and cook for 1 minute. Turn, and cook 1 minute on other side. Transfer chicken to the prepared baking sheet.</p>
<p>Bake in the preheated oven until chicken is no longer pink in the center and the juices run clear, about 5 minutes.</p>
<p>CARRIE C.</p>
<h2>Nutrition</h2>
<p>135<br />
Calories<br />
3g<br />
Fat<br />
1g<br />
Carbs<br />
25g<br />
Protein</p>
<h2>More Details</h2>
<p>Prep Time:<br />
10 mins<br />
Cook Time:<br />
10 mins<br />
Total Time:<br />
20 mins<br />
Servings:<br />
2<br />
Yield:<br />
2 chicken breast halves</p>
<p>&nbsp;</p>
<p>Source: allrecipes.com</p>
<p>&nbsp;</p>
<p>&nbsp;</p>
<p>The post <a rel="nofollow" href="/how-to-cook-blackened-chicken-food-recipe/">How to Cook Blackened Chicken &#8211; Food Recipe</a> appeared first on <a rel="nofollow" href="/">Chicken Recipe Today</a>.</p>
]]></content:encoded>
					
					<wfw:commentRss>/how-to-cook-blackened-chicken-food-recipe/feed/</wfw:commentRss>
			<slash:comments>0</slash:comments>
		
		
			</item>
		<item>
		<title>How to Cook Homemade Chicken Nuggets &#8211; Food Recipe</title>
		<link>/how-to-cook-homemade-chicken-nuggets-food-recipe/</link>
					<comments>/how-to-cook-homemade-chicken-nuggets-food-recipe/#respond</comments>
		
		<dc:creator><![CDATA[Mia]]></dc:creator>
		<pubDate>Fri, 11 Nov 2022 14:50:17 +0000</pubDate>
				<category><![CDATA[CHICKEN]]></category>
		<guid isPermaLink="false">/how-to-cook-homemade-chicken-nuggets-food-recipe/</guid>

					<description><![CDATA[<p>Ingredients: 3 skinless, boneless chicken breasts 1 cup Italian seasoned bread crumbs ½ cup grated Parmesan cheese 1 tablespoon dried&#160;[&#8230;]</p>
<p>The post <a rel="nofollow" href="/how-to-cook-homemade-chicken-nuggets-food-recipe/">How to Cook Homemade Chicken Nuggets &#8211; Food Recipe</a> appeared first on <a rel="nofollow" href="/">Chicken Recipe Today</a>.</p>
]]></description>
										<content:encoded><![CDATA[<p><img decoding="async" src="https://imagesvc.meredithcorp.io/v3/mm/image?url=https%3A%2F%2Fpublic-assets.meredithcorp.io%2F17c1c58ed49ef0d60114e130348a3d50%2F166224795120220903_191733.jpg&#038;q=60&#038;c=sc&#038;orient=true&#038;poi=auto&#038;h=512" alt="Homemade Chicken Nuggets recipe" /></p>
<h2>Ingredients:</h2>
<p>3 skinless, boneless chicken breasts</p>
<p>1 cup Italian seasoned bread crumbs</p>
<p>½ cup grated Parmesan cheese</p>
<p>1 tablespoon dried basil</p>
<p>1 teaspoon dried thyme</p>
<p>1 teaspoon salt</p>
<p>½ cup butter, melted</p>
<h2>How to Make Homemade Chicken Nuggets</h2>
<p>Preheat the oven to 400 degrees F (200 degrees C).</p>
<p>Cut chicken breasts into 1 1/2-inch pieces. Mix the bread crumbs, Parmesan, basil, thyme, and salt together well in a medium bowl. Put melted butter in a bowl or dish for dipping.</p>
<p>Dip chicken pieces into the melted butter first, then coat with the bread crumb mixture. Place the well-coated chicken nuggets on a lightly greased cookie sheet in a single layer.</p>
<p>Bake nuggets in the preheated oven until browned and chicken is cooked through, about 20 minutes.</p>
<h2>Nutrition</h2>
<p>308<br />
Calories<br />
19g<br />
Fat<br />
15g<br />
Carbs<br />
19g<br />
Protein</p>
<h2>More Details</h2>
<p>Prep Time:<br />
20 mins<br />
Cook Time:<br />
20 mins<br />
Total Time:<br />
40 mins<br />
Servings:<br />
6</p>
<p>&nbsp;</p>
<p>Source: allrecipes.com</p>
<p>&nbsp;</p>
<p>&nbsp;</p>
<p>The post <a rel="nofollow" href="/how-to-cook-homemade-chicken-nuggets-food-recipe/">How to Cook Homemade Chicken Nuggets &#8211; Food Recipe</a> appeared first on <a rel="nofollow" href="/">Chicken Recipe Today</a>.</p>
]]></content:encoded>
					
					<wfw:commentRss>/how-to-cook-homemade-chicken-nuggets-food-recipe/feed/</wfw:commentRss>
			<slash:comments>0</slash:comments>
		
		
			</item>
		<item>
		<title>How to Cook Chicken Marsala &#8211; Food Recipe</title>
		<link>/how-to-cook-chicken-marsala-food-recipe/</link>
					<comments>/how-to-cook-chicken-marsala-food-recipe/#respond</comments>
		
		<dc:creator><![CDATA[Mia]]></dc:creator>
		<pubDate>Fri, 11 Nov 2022 14:50:17 +0000</pubDate>
				<category><![CDATA[CHICKEN]]></category>
		<guid isPermaLink="false">/how-to-cook-chicken-marsala-food-recipe/</guid>

					<description><![CDATA[<p>Ingredients: ¼ cup all-purpose flour for coating ½ teaspoon salt ¼ teaspoon ground black pepper ½ teaspoon dried oregano 4&#160;[&#8230;]</p>
<p>The post <a rel="nofollow" href="/how-to-cook-chicken-marsala-food-recipe/">How to Cook Chicken Marsala &#8211; Food Recipe</a> appeared first on <a rel="nofollow" href="/">Chicken Recipe Today</a>.</p>
]]></description>
										<content:encoded><![CDATA[<p><img decoding="async" src="https://imagesvc.meredithcorp.io/v3/mm/image?url=https%3A%2F%2Fpublic-assets.meredithcorp.io%2F2b6f0e74bd673805537f629bd81d18bd%2F166441193941F8DA66-5D07-419B-9399-64077DB9E834.jpeg&#038;q=60&#038;c=sc&#038;orient=true&#038;poi=auto&#038;h=512" alt="Chicken Marsala recipe" /></p>
<h2>Ingredients:</h2>
<p>¼ cup all-purpose flour for coating</p>
<p>½ teaspoon salt</p>
<p>¼ teaspoon ground black pepper</p>
<p>½ teaspoon dried oregano</p>
<p>4 medium skinless, boneless chicken breast halves &#8211; pounded 1/4 inch thick</p>
<p>4 tablespoons butter</p>
<p>4 tablespoons olive oil</p>
<p>1 cup sliced mushrooms</p>
<p>½ cup Marsala wine</p>
<p>¼ cup cooking sherry</p>
<h2>How to Make Chicken Marsala</h2>
<p>In a shallow dish or bowl, mix together the flour, salt, pepper and oregano. Coat chicken pieces in flour mixture.</p>
<p>In a large skillet, melt butter in oil over medium heat. Place chicken in the pan, and lightly brown. Turn over chicken pieces, and add mushrooms. Pour in wine and sherry. Cover skillet; simmer chicken 10 minutes, turning once, until no longer pink and juices run clear.</p>
<p>DOTDASH MEREDITH FOOD STUDIOS</p>
<h2>Nutrition</h2>
<p>448<br />
Calories<br />
27g<br />
Fat<br />
13g<br />
Carbs<br />
29g<br />
Protein</p>
<h2>More Details</h2>
<p>Prep Time:<br />
10 mins<br />
Cook Time:<br />
20 mins<br />
Total Time:<br />
30 mins<br />
Servings:<br />
4<br />
Yield:<br />
4 servings</p>
<p>&nbsp;</p>
<p>Source: allrecipes.com</p>
<p>&nbsp;</p>
<p>&nbsp;</p>
<p>The post <a rel="nofollow" href="/how-to-cook-chicken-marsala-food-recipe/">How to Cook Chicken Marsala &#8211; Food Recipe</a> appeared first on <a rel="nofollow" href="/">Chicken Recipe Today</a>.</p>
]]></content:encoded>
					
					<wfw:commentRss>/how-to-cook-chicken-marsala-food-recipe/feed/</wfw:commentRss>
			<slash:comments>0</slash:comments>
		
		
			</item>
		<item>
		<title>How to Cook Easy Baked Chicken Thighs &#8211; Food Recipe</title>
		<link>/how-to-cook-easy-baked-chicken-thighs-food-recipe/</link>
					<comments>/how-to-cook-easy-baked-chicken-thighs-food-recipe/#respond</comments>
		
		<dc:creator><![CDATA[Mia]]></dc:creator>
		<pubDate>Fri, 11 Nov 2022 14:50:15 +0000</pubDate>
				<category><![CDATA[CHICKEN]]></category>
		<guid isPermaLink="false">/how-to-cook-easy-baked-chicken-thighs-food-recipe/</guid>

					<description><![CDATA[<p>Ingredients: 4 chicken thighs 4 teaspoons garlic powder 4 teaspoons onion flakes How to Make Easy Baked Chicken Thighs Preheat&#160;[&#8230;]</p>
<p>The post <a rel="nofollow" href="/how-to-cook-easy-baked-chicken-thighs-food-recipe/">How to Cook Easy Baked Chicken Thighs &#8211; Food Recipe</a> appeared first on <a rel="nofollow" href="/">Chicken Recipe Today</a>.</p>
]]></description>
										<content:encoded><![CDATA[<p><img decoding="async" src="https://imagesvc.meredithcorp.io/v3/mm/image?url=https%3A%2F%2Fimages.media-allrecipes.com%2Fuserphotos%2F9370570.jpg&#038;q=60&#038;c=sc&#038;orient=true&#038;poi=auto&#038;h=512" alt="Easy Baked Chicken Thighs recipe" /></p>
<h2>Ingredients:</h2>
<p>4 chicken thighs</p>
<p>4 teaspoons garlic powder</p>
<p>4 teaspoons onion flakes</p>
<h2>How to Make Easy Baked Chicken Thighs</h2>
<p>Preheat the oven to 375 degrees F (190 degrees C).</p>
<p>Place chicken thighs in a baking dish; season both sides with garlic powder and onion flakes.</p>
<p>Bake in the preheated oven until no longer pink at the bone and juices run clear, about 30 minutes. An instant-read thermometer inserted into thickest part of thigh, near the bone, should read 165 degrees F (74 degrees C).</p>
<p>MEOSHIA_P</p>
<h2>Nutrition</h2>
<p>162<br />
Calories<br />
8g<br />
Fat<br />
3g<br />
Carbs<br />
20g<br />
Protein</p>
<h2>More Details</h2>
<p>Prep Time:<br />
5 mins<br />
Cook Time:<br />
30 mins<br />
Total Time:<br />
35 mins<br />
Servings:<br />
4</p>
<p>&nbsp;</p>
<p>Source: allrecipes.com</p>
<p>&nbsp;</p>
<p>&nbsp;</p>
<p>The post <a rel="nofollow" href="/how-to-cook-easy-baked-chicken-thighs-food-recipe/">How to Cook Easy Baked Chicken Thighs &#8211; Food Recipe</a> appeared first on <a rel="nofollow" href="/">Chicken Recipe Today</a>.</p>
]]></content:encoded>
					
					<wfw:commentRss>/how-to-cook-easy-baked-chicken-thighs-food-recipe/feed/</wfw:commentRss>
			<slash:comments>0</slash:comments>
		
		
			</item>
		<item>
		<title>How to Cook Chef John&#039;s Chicken Kiev &#8211; Food Recipe</title>
		<link>/how-to-cook-chef-johns-chicken-kiev-food-recipe/</link>
					<comments>/how-to-cook-chef-johns-chicken-kiev-food-recipe/#respond</comments>
		
		<dc:creator><![CDATA[Mia]]></dc:creator>
		<pubDate>Fri, 11 Nov 2022 14:50:15 +0000</pubDate>
				<category><![CDATA[CHICKEN]]></category>
		<guid isPermaLink="false">/how-to-cook-chef-johns-chicken-kiev-food-recipe/</guid>

					<description><![CDATA[<p>Ingredients: 2 cloves garlic, minced 1 pinch salt 2 tablespoons chopped fresh flat-leaf parsley 6 tablespoons unsalted butter 4 (8&#160;[&#8230;]</p>
<p>The post <a rel="nofollow" href="/how-to-cook-chef-johns-chicken-kiev-food-recipe/">How to Cook Chef John&#039;s Chicken Kiev &#8211; Food Recipe</a> appeared first on <a rel="nofollow" href="/">Chicken Recipe Today</a>.</p>
]]></description>
										<content:encoded><![CDATA[<p><img decoding="async" src="https://imagesvc.meredithcorp.io/v3/mm/image?url=https%3A%2F%2Fpublic-assets.meredithcorp.io%2F6e184c5de82bf94fe8baf52dc8e26b04%2F1657487849D451BD51-15DD-4B14-BF9F-D911F4861866.jpeg&#038;q=60&#038;c=sc&#038;orient=true&#038;poi=auto&#038;h=512" alt="Chef John&#39;s Chicken Kiev recipe" /></p>
<h2>Ingredients:</h2>
<p>2 cloves garlic, minced</p>
<p>1 pinch salt</p>
<p>2 tablespoons chopped fresh flat-leaf parsley</p>
<p>6 tablespoons unsalted butter</p>
<p>4 (8 ounce) skinless, boneless chicken breast halves, pounded to 1/4-inch thickness</p>
<p>salt and pepper to taste</p>
<p>1 cup all-purpose flour</p>
<p>2 teaspoons salt</p>
<p>2 eggs, beaten</p>
<p>2 cups panko bread crumbs</p>
<p>1 pinch cayenne pepper</p>
<p>2 cups vegetable oil for frying, or as needed</p>
<h2>How to Make Chef John&#39;s Chicken Kiev</h2>
<p>Grind garlic and pinch of salt together in a mortar and pestle until smooth; add parsley and mix well. Pound butter into garlic mixture with the pestle until well combined. Wrap butter mixture in plastic wrap; refrigerate until cold, at least 15 minutes.</p>
<p>Season chicken breasts with salt and pepper. Place 1/4 of the butter mixture in the center of the wider end of each chicken breast. Fold the narrower end of each chicken breast up over the butter to form a tight pocket around the butter; gather the sides of each chicken breast to the center to form a round ball. The top of each chicken ball will be smooth and the bottom will be gathered. Tightly wrap each chicken ball in plastic wrap; transfer to a plate and chill in the freezer until the gathered bottoms hold together and are slightly firm, about 30 minutes.</p>
<p>Whisk flour and 2 teaspoons salt together in a shallow bowl. Whisk eggs together in another shallow bowl. Pour panko bread crumbs into third bowl.</p>
<p>Remove chicken breast balls from plastic wrap. Gently press them into the flour mixture to coat; shake off any excess flour. Dip into beaten eggs, then press into bread crumbs. Place breaded chicken on a plate; cover with plastic wrap, and return to the freezer to chill until firm, about 15 minutes.</p>
<p>Heat oil in a deep-fryer or large saucepan to 350 degrees F (175 degrees C). Preheat the oven to 400 degrees F (200 degrees C). Line a baking sheet with aluminum foil.</p>
<p>Working in batches, place chicken, gathered-side down, in the hot oil and cook until lightly golden, about 1 minute per side. Transfer chicken to the prepared baking sheet; sprinkle salt and cayenne pepper over the top.</p>
<p>Bake in the preheated oven until you can hear the butter start to sizzle on the baking sheet, 15 to 17 minutes. An instant-read thermometer inserted into the center should read at least 165 degrees F (74 degrees C). Let rest for 5 minutes before serving.</p>
<p>DOTDASH MEREDITH FOOD STUDIOS</p>
<h2>Nutrition</h2>
<p>790<br />
Calories<br />
38g<br />
Fat<br />
62g<br />
Carbs<br />
60g<br />
Protein</p>
<h2>More Details</h2>
<p>Prep Time:<br />
30 mins<br />
Cook Time:<br />
20 mins<br />
Additional Time:<br />
45 mins<br />
Total Time:<br />
1 hrs 35 mins<br />
Servings:<br />
4</p>
<p>&nbsp;</p>
<p>Source: allrecipes.com</p>
<p>&nbsp;</p>
<p>&nbsp;</p>
<p>The post <a rel="nofollow" href="/how-to-cook-chef-johns-chicken-kiev-food-recipe/">How to Cook Chef John&#039;s Chicken Kiev &#8211; Food Recipe</a> appeared first on <a rel="nofollow" href="/">Chicken Recipe Today</a>.</p>
]]></content:encoded>
					
					<wfw:commentRss>/how-to-cook-chef-johns-chicken-kiev-food-recipe/feed/</wfw:commentRss>
			<slash:comments>0</slash:comments>
		
		
			</item>
		<item>
		<title>How to Cook Simple Baked Chicken Breasts &#8211; Food Recipe</title>
		<link>/how-to-cook-simple-baked-chicken-breasts-food-recipe/</link>
					<comments>/how-to-cook-simple-baked-chicken-breasts-food-recipe/#respond</comments>
		
		<dc:creator><![CDATA[Mia]]></dc:creator>
		<pubDate>Fri, 11 Nov 2022 14:50:15 +0000</pubDate>
				<category><![CDATA[CHICKEN]]></category>
		<guid isPermaLink="false">/how-to-cook-simple-baked-chicken-breasts-food-recipe/</guid>

					<description><![CDATA[<p>Ingredients: 4 (5 ounce) skinless, boneless chicken breast halves 2 tablespoons olive oil ½ teaspoon coarse sea salt, or to&#160;[&#8230;]</p>
<p>The post <a rel="nofollow" href="/how-to-cook-simple-baked-chicken-breasts-food-recipe/">How to Cook Simple Baked Chicken Breasts &#8211; Food Recipe</a> appeared first on <a rel="nofollow" href="/">Chicken Recipe Today</a>.</p>
]]></description>
										<content:encoded><![CDATA[<p><img decoding="async" src="https://imagesvc.meredithcorp.io/v3/mm/image?url=https%3A%2F%2Fimages.media-allrecipes.com%2Fuserphotos%2F9314413.jpg&#038;q=60&#038;c=sc&#038;orient=true&#038;poi=auto&#038;h=512" alt="Simple Baked Chicken Breasts recipe" /></p>
<h2>Ingredients:</h2>
<p>4 (5 ounce) skinless, boneless chicken breast halves</p>
<p>2 tablespoons olive oil</p>
<p>½ teaspoon coarse sea salt, or to taste</p>
<p>1 pinch Creole seasoning (such as Tony Chachere&#39;s®), or more to taste</p>
<p>1 tablespoon chicken broth, or more to taste</p>
<h2>How to Make Simple Baked Chicken Breasts</h2>
<p>Preheat the oven to 400 degrees F (200 degrees C).</p>
<p>Rub chicken breasts with olive oil and sprinkle both sides with salt and Creole seasoning. Place chicken in a broiler pan.</p>
<p>Bake in the preheated oven for 10 minutes. Flip chicken and cook until no longer pink in the center and the juices run clear, about 15 minutes more. An instant-read thermometer inserted into the center should read at least 165 degrees F (74 degrees C).</p>
<p>Remove chicken to a plate.</p>
<p>Pour chicken broth into the pan and scrape any browned bits off the bottom with a flat-edged wooden spatula. Add more broth if needed to dislodge the browned bits, but not too much or it will be watery.</p>
<p>To serve, drizzle the pan sauce over the chicken.</p>
<p>DOTDASH MEREDITH FOOD STUDIOS</p>
<h2>Nutrition</h2>
<p>191<br />
Calories<br />
10g<br />
Fat<br />
0g<br />
Carbs<br />
25g<br />
Protein</p>
<h2>More Details</h2>
<p>Prep Time:<br />
10 mins<br />
Cook Time:<br />
25 mins<br />
Total Time:<br />
35 mins<br />
Servings:<br />
4</p>
<p>&nbsp;</p>
<p>Source: allrecipes.com</p>
<p>&nbsp;</p>
<p>&nbsp;</p>
<p>The post <a rel="nofollow" href="/how-to-cook-simple-baked-chicken-breasts-food-recipe/">How to Cook Simple Baked Chicken Breasts &#8211; Food Recipe</a> appeared first on <a rel="nofollow" href="/">Chicken Recipe Today</a>.</p>
]]></content:encoded>
					
					<wfw:commentRss>/how-to-cook-simple-baked-chicken-breasts-food-recipe/feed/</wfw:commentRss>
			<slash:comments>0</slash:comments>
		
		
			</item>
		<item>
		<title>How to Cook Restaurant-Style Buffalo Chicken Wings &#8211; Food Recipe</title>
		<link>/how-to-cook-restaurant-style-buffalo-chicken-wings-food-recipe/</link>
					<comments>/how-to-cook-restaurant-style-buffalo-chicken-wings-food-recipe/#respond</comments>
		
		<dc:creator><![CDATA[Mia]]></dc:creator>
		<pubDate>Fri, 11 Nov 2022 14:50:15 +0000</pubDate>
				<category><![CDATA[CHICKEN]]></category>
		<guid isPermaLink="false">/how-to-cook-restaurant-style-buffalo-chicken-wings-food-recipe/</guid>

					<description><![CDATA[<p>Ingredients: ½ cup all-purpose flour ¼ teaspoon ground paprika ¼ teaspoon cayenne pepper ¼ teaspoon salt 10 chicken wings 2&#160;[&#8230;]</p>
<p>The post <a rel="nofollow" href="/how-to-cook-restaurant-style-buffalo-chicken-wings-food-recipe/">How to Cook Restaurant-Style Buffalo Chicken Wings &#8211; Food Recipe</a> appeared first on <a rel="nofollow" href="/">Chicken Recipe Today</a>.</p>
]]></description>
										<content:encoded><![CDATA[<p><img decoding="async" src="https://imagesvc.meredithcorp.io/v3/mm/image?url=https%3A%2F%2Fpublic-assets.meredithcorp.io%2F2656dde48111a86d99a6daf4f4dcc19b%2F166294541088ABA711-A9C5-4F96-83BC-70657CA5D401.jpeg&#038;q=60&#038;c=sc&#038;orient=true&#038;poi=auto&#038;h=512" alt="Restaurant-Style Buffalo Chicken Wings recipe" /></p>
<h2>Ingredients:</h2>
<p>½ cup all-purpose flour</p>
<p>¼ teaspoon ground paprika</p>
<p>¼ teaspoon cayenne pepper</p>
<p>¼ teaspoon salt</p>
<p>10 chicken wings</p>
<p>2 cups vegetable oil for frying, or as needed</p>
<p>¼ cup butter</p>
<p>¼ cup hot sauce</p>
<p>1 pinch ground black pepper</p>
<p>1 pinch garlic powder</p>
<h2>How to Make Restaurant-Style Buffalo Chicken Wings</h2>
<p>Whisk together flour, paprika, cayenne pepper, and salt in a small bowl.</p>
<p>Place chicken wings in a single layer in a 9&#215;13-inch glass baking dish. Sprinkle flour mixture over top and toss until wings are evenly coated. Cover and refrigerate for 1 to 1 1/2 hours.</p>
<p>Add about 1 inch oil to a deep, heavy skillet; heat to 375 degrees F (190 degrees C). (The oil should be just enough to cover wings entirely.)</p>
<p>While the oil is coming to temperature, combine butter, hot sauce, pepper, and garlic powder in a small saucepan over low heat. Cook and stir until butter is melted and mixture is thoroughly blended. Remove from the heat and reserve for serving.</p>
<p>Fry coated wings in the hot oil for 10 to 15 minutes, or until they begin to crisp and turn brown. Maintain the oil temperature while cooking.</p>
<p>Remove wings from the oil and place on a paper towel-lined plate.</p>
<p>Transfer wings to a platter and drizzle hot sauce over top; or mix wings and hot sauce in a bowl until coated. Serve.</p>
<p>DOTDASH MEREDITH FOOD STUDIOS</p>
<h2>Nutrition</h2>
<p>908<br />
Calories<br />
97g<br />
Fat<br />
10g<br />
Carbs<br />
2g<br />
Protein</p>
<h2>More Details</h2>
<p>Prep Time:<br />
10 mins<br />
Cook Time:<br />
10 mins<br />
Additional Time:<br />
1 hrs<br />
Total Time:<br />
1 hrs 20 mins<br />
Servings:<br />
5<br />
Yield:<br />
10 chicken wings</p>
<p>&nbsp;</p>
<p>Source: allrecipes.com</p>
<p>&nbsp;</p>
<p>&nbsp;</p>
<p>The post <a rel="nofollow" href="/how-to-cook-restaurant-style-buffalo-chicken-wings-food-recipe/">How to Cook Restaurant-Style Buffalo Chicken Wings &#8211; Food Recipe</a> appeared first on <a rel="nofollow" href="/">Chicken Recipe Today</a>.</p>
]]></content:encoded>
					
					<wfw:commentRss>/how-to-cook-restaurant-style-buffalo-chicken-wings-food-recipe/feed/</wfw:commentRss>
			<slash:comments>0</slash:comments>
		
		
			</item>
		<item>
		<title>How to Cook Fried Chicken Wings &#8211; Food Recipe</title>
		<link>/how-to-cook-fried-chicken-wings-food-recipe/</link>
					<comments>/how-to-cook-fried-chicken-wings-food-recipe/#respond</comments>
		
		<dc:creator><![CDATA[Mia]]></dc:creator>
		<pubDate>Fri, 11 Nov 2022 14:50:15 +0000</pubDate>
				<category><![CDATA[CHICKEN]]></category>
		<guid isPermaLink="false">/how-to-cook-fried-chicken-wings-food-recipe/</guid>

					<description><![CDATA[<p>Ingredients: 12 small chicken wings ¼ teaspoon seasoned salt, or to taste 1 cup all-purpose flour 1 teaspoon coarse salt&#160;[&#8230;]</p>
<p>The post <a rel="nofollow" href="/how-to-cook-fried-chicken-wings-food-recipe/">How to Cook Fried Chicken Wings &#8211; Food Recipe</a> appeared first on <a rel="nofollow" href="/">Chicken Recipe Today</a>.</p>
]]></description>
										<content:encoded><![CDATA[<p><img decoding="async" src="https://imagesvc.meredithcorp.io/v3/mm/image?url=https%3A%2F%2Fpublic-assets.meredithcorp.io%2F9d7fc1f44c419e250c5426fa70d8c45b%2F1659846890E1BC38AF-502A-481D-B033-C33E052DFC78.jpeg&#038;q=60&#038;c=sc&#038;orient=true&#038;poi=auto&#038;h=512" alt="Fried Chicken Wings recipe" /></p>
<h2>Ingredients:</h2>
<p>12 small chicken wings</p>
<p>¼ teaspoon seasoned salt, or to taste</p>
<p>1 cup all-purpose flour</p>
<p>1 teaspoon coarse salt</p>
<p>½ teaspoon ground black pepper</p>
<p>¼ teaspoon cayenne pepper</p>
<p>¼ teaspoon ground paprika</p>
<p>2 quarts vegetable oil for frying</p>
<p>1 (12 fluid ounce) bottle Buffalo wing sauce (such as Frank&#39;s®), or to taste</p>
<h2>How to Make Fried Chicken Wings</h2>
<p>Season chicken wings lightly with seasoned salt.</p>
<p>Mix flour, salt, black pepper, cayenne pepper, and paprika together in a wide, shallow bowl. Press wings into flour mixture to coat and arrange in a single layer on a large plate. Refrigerate coated wings for 15 to 30 minutes.</p>
<p>Dredge wings again in flour mixture and return to the plate. Refrigerate wings once more for 15 to 30 minutes.</p>
<p>Heat oil in a deep fryer or large saucepan to 375 degrees F (190 degrees C).</p>
<p>Fry chicken wings in hot oil until crisp and juices run clear, 10 to 12 minutes. An instant-read thermometer inserted into the thickest part of the meat, near the bone, should read 165 degrees F (74 degrees C).</p>
<p>Transfer fried wings to a large bowl. Drizzle sauce over wings and toss to coat.</p>
<h2>Nutrition</h2>
<p>531<br />
Calories<br />
41g<br />
Fat<br />
25g<br />
Carbs<br />
16g<br />
Protein</p>
<h2>More Details</h2>
<p>Prep Time:<br />
10 mins<br />
Cook Time:<br />
10 mins<br />
Additional Time:<br />
30 mins<br />
Total Time:<br />
50 mins<br />
Servings:<br />
6<br />
Yield:<br />
12 wings</p>
<p>&nbsp;</p>
<p>Source: allrecipes.com</p>
<p>&nbsp;</p>
<p>&nbsp;</p>
<p>The post <a rel="nofollow" href="/how-to-cook-fried-chicken-wings-food-recipe/">How to Cook Fried Chicken Wings &#8211; Food Recipe</a> appeared first on <a rel="nofollow" href="/">Chicken Recipe Today</a>.</p>
]]></content:encoded>
					
					<wfw:commentRss>/how-to-cook-fried-chicken-wings-food-recipe/feed/</wfw:commentRss>
			<slash:comments>0</slash:comments>
		
		
			</item>
	</channel>
</rss>
