<?xml version="1.0" encoding="UTF-8"?><rss version="2.0"
	xmlns:content="http://purl.org/rss/1.0/modules/content/"
	xmlns:wfw="http://wellformedweb.org/CommentAPI/"
	xmlns:dc="http://purl.org/dc/elements/1.1/"
	xmlns:atom="http://www.w3.org/2005/Atom"
	xmlns:sy="http://purl.org/rss/1.0/modules/syndication/"
	xmlns:slash="http://purl.org/rss/1.0/modules/slash/"
	>

<channel>
	<title>APPETIZERS AND SNACKS &#8211; Chicken Recipe Today</title>
	<atom:link href="/category/appetizers-and-snacks/feed/" rel="self" type="application/rss+xml" />
	<link>/</link>
	<description>Today Chicken Yesterday Chicken</description>
	<lastBuildDate>Fri, 11 Nov 2022 14:50:17 +0000</lastBuildDate>
	<language>en-US</language>
	<sy:updatePeriod>
	hourly	</sy:updatePeriod>
	<sy:updateFrequency>
	1	</sy:updateFrequency>
	<generator>https://wordpress.org/?v=6.1</generator>
	<item>
		<title>How to Cook Buffalo Chicken Dip &#8211; Food Recipe</title>
		<link>/how-to-cook-buffalo-chicken-dip-food-recipe/</link>
					<comments>/how-to-cook-buffalo-chicken-dip-food-recipe/#respond</comments>
		
		<dc:creator><![CDATA[Mia]]></dc:creator>
		<pubDate>Fri, 11 Nov 2022 14:50:17 +0000</pubDate>
				<category><![CDATA[APPETIZERS AND SNACKS]]></category>
		<guid isPermaLink="false">/how-to-cook-buffalo-chicken-dip-food-recipe/</guid>

					<description><![CDATA[<p>Ingredients: 2 (10 ounce) cans chunk chicken, drained ¾ cup hot pepper sauce (such as Frank&#39;s RedHot®) 2 (8 ounce)&#160;[&#8230;]</p>
<p>The post <a rel="nofollow" href="/how-to-cook-buffalo-chicken-dip-food-recipe/">How to Cook Buffalo Chicken Dip &#8211; Food Recipe</a> appeared first on <a rel="nofollow" href="/">Chicken Recipe Today</a>.</p>
]]></description>
										<content:encoded><![CDATA[<p><img decoding="async" src="https://imagesvc.meredithcorp.io/v3/mm/image?url=https%3A%2F%2Fpublic-assets.meredithcorp.io%2F38e9c985e321f6fa4e2b88f27231391f%2F166389516216638951502916774949302441698809.jpg&#038;q=60&#038;c=sc&#038;orient=true&#038;poi=auto&#038;h=512" alt="Buffalo Chicken Dip recipe" /></p>
<h2>Ingredients:</h2>
<p>2 (10 ounce) cans chunk chicken, drained</p>
<p>¾ cup hot pepper sauce (such as Frank&#39;s RedHot®)</p>
<p>2 (8 ounce) packages cream cheese, softened</p>
<p>1 cup ranch dressing</p>
<p>1 ½ cups shredded Cheddar cheese</p>
<p>1 bunch celery, cut into 4-inch pieces</p>
<p>1 (8 ounce) box chicken-flavored crackers</p>
<h2>How to Make Buffalo Chicken Dip</h2>
<p>Heat chicken and hot pepper sauce in a skillet over medium heat until heated through, 3 to 5 minutes. Stir in cream cheese and ranch dressing. Cook and stir until well blended and warm, 3 to 5 minutes.</p>
<p>Mix in 1/2 of the Cheddar cheese, and transfer the mixture to a slow cooker. Sprinkle the remaining cheese over top.</p>
<p>Cover and cook on Low until dip is hot and bubbly, about 35 minutes.</p>
<p>Serve with celery sticks and crackers.</p>
<p>MACKENZIE SCHIECK</p>
<h2>Nutrition</h2>
<p>284<br />
Calories<br />
23g<br />
Fat<br />
9g<br />
Carbs<br />
11g<br />
Protein</p>
<h2>More Details</h2>
<p>Prep Time:<br />
15 mins<br />
Cook Time:<br />
40 mins<br />
Total Time:<br />
55 mins<br />
Servings:<br />
20<br />
Yield:<br />
5 cups</p>
<p>&nbsp;</p>
<p>Source: allrecipes.com</p>
<p>&nbsp;</p>
<p>&nbsp;</p>
<p>The post <a rel="nofollow" href="/how-to-cook-buffalo-chicken-dip-food-recipe/">How to Cook Buffalo Chicken Dip &#8211; Food Recipe</a> appeared first on <a rel="nofollow" href="/">Chicken Recipe Today</a>.</p>
]]></content:encoded>
					
					<wfw:commentRss>/how-to-cook-buffalo-chicken-dip-food-recipe/feed/</wfw:commentRss>
			<slash:comments>0</slash:comments>
		
		
			</item>
		<item>
		<title>How to Cook Air Fryer Chicken Taquitos &#8211; Food Recipe</title>
		<link>/how-to-cook-air-fryer-chicken-taquitos-food-recipe/</link>
					<comments>/how-to-cook-air-fryer-chicken-taquitos-food-recipe/#respond</comments>
		
		<dc:creator><![CDATA[Mia]]></dc:creator>
		<pubDate>Fri, 11 Nov 2022 14:50:15 +0000</pubDate>
				<category><![CDATA[APPETIZERS AND SNACKS]]></category>
		<guid isPermaLink="false">/how-to-cook-air-fryer-chicken-taquitos-food-recipe/</guid>

					<description><![CDATA[<p>Ingredients: 1 teaspoon vegetable oil 2 tablespoons diced onion 1 clove garlic, minced 2 tablespoons chopped green chiles (such as&#160;[&#8230;]</p>
<p>The post <a rel="nofollow" href="/how-to-cook-air-fryer-chicken-taquitos-food-recipe/">How to Cook Air Fryer Chicken Taquitos &#8211; Food Recipe</a> appeared first on <a rel="nofollow" href="/">Chicken Recipe Today</a>.</p>
]]></description>
										<content:encoded><![CDATA[<p><img decoding="async" src="https://imagesvc.meredithcorp.io/v3/mm/image?url=https%3A%2F%2Fpublic-assets.meredithcorp.io%2F58255e77e154a483539bbee38847ad83%2F166240934916624093400413624399194280505195.jpg&#038;q=60&#038;c=sc&#038;orient=true&#038;poi=auto&#038;h=512" alt="Air Fryer Chicken Taquitos recipe" /></p>
<h2>Ingredients:</h2>
<p>1 teaspoon vegetable oil</p>
<p>2 tablespoons diced onion</p>
<p>1 clove garlic, minced</p>
<p>2 tablespoons chopped green chiles (such as Ortega®)</p>
<p>2 tablespoons Mexican-style hot tomato sauce (such as El Pato®)</p>
<p>1 cup shredded rotisserie chicken</p>
<p>½ cup shredded Mexican cheese blend</p>
<p>2 tablespoons Neufchâtel cheese</p>
<p>salt and ground black pepper to taste</p>
<p>6 corn tortillas</p>
<p>avocado oil cooking spray</p>
<h2>How to Make Air Fryer Chicken Taquitos</h2>
<p>Heat oil in a skillet over medium heat. Add onion; cook until soft and translucent, 3 to 5 minutes. Add garlic; cook until fragrant, about 1 minute. Add green chiles and Mexican tomato sauce; stir to combine. Add shredded chicken, Mexican cheese blend, and Neufchâtel cheese. Cook and stir until cheeses have melted and mixture is warmed through, about 3 minutes. Season with salt and pepper.</p>
<p>Heat tortillas in a skillet or directly on the grates of a gas stove until soft and pliable. Place 3 tablespoons of chicken mixture down the center of each tortilla. Fold over and roll into taquitos.</p>
<p>Preheat an air fryer to 400 degrees F (200 degrees C).</p>
<p>Place taquitos in a single layer in the air fryer basket, making sure they are not touching, and mist with avocado oil. Cook until golden brown, 6 to 9 minutes. Turn taquitos over, mist with avocado oil, and air fry until crispy, 3 to 5 minutes.</p>
<h2>Nutrition</h2>
<p>174<br />
Calories<br />
9g<br />
Fat<br />
13g<br />
Carbs<br />
10g<br />
Protein</p>
<h2>More Details</h2>
<p>Prep Time:<br />
15 mins<br />
Cook Time:<br />
20 mins<br />
Total Time:<br />
35 mins<br />
Servings:<br />
6<br />
Yield:<br />
6 taquitos</p>
<p>&nbsp;</p>
<p>Source: allrecipes.com</p>
<p>&nbsp;</p>
<p>&nbsp;</p>
<p>The post <a rel="nofollow" href="/how-to-cook-air-fryer-chicken-taquitos-food-recipe/">How to Cook Air Fryer Chicken Taquitos &#8211; Food Recipe</a> appeared first on <a rel="nofollow" href="/">Chicken Recipe Today</a>.</p>
]]></content:encoded>
					
					<wfw:commentRss>/how-to-cook-air-fryer-chicken-taquitos-food-recipe/feed/</wfw:commentRss>
			<slash:comments>0</slash:comments>
		
		
			</item>
	</channel>
</rss>
