<?xml version="1.0" encoding="UTF-8"?><rss version="2.0"
	xmlns:content="http://purl.org/rss/1.0/modules/content/"
	xmlns:wfw="http://wellformedweb.org/CommentAPI/"
	xmlns:dc="http://purl.org/dc/elements/1.1/"
	xmlns:atom="http://www.w3.org/2005/Atom"
	xmlns:sy="http://purl.org/rss/1.0/modules/syndication/"
	xmlns:slash="http://purl.org/rss/1.0/modules/slash/"
	>

<channel>
	<title>SOUPS, STEWS AND CHILI RECIPES &#8211; Chicken Recipe Today</title>
	<atom:link href="/category/soups-stews-and-chili-recipes/feed/" rel="self" type="application/rss+xml" />
	<link>/</link>
	<description>Today Chicken Yesterday Chicken</description>
	<lastBuildDate>Fri, 11 Nov 2022 14:50:17 +0000</lastBuildDate>
	<language>en-US</language>
	<sy:updatePeriod>
	hourly	</sy:updatePeriod>
	<sy:updateFrequency>
	1	</sy:updateFrequency>
	<generator>https://wordpress.org/?v=6.1</generator>
	<item>
		<title>How to Cook Homemade Chicken Soup &#8211; Food Recipe</title>
		<link>/how-to-cook-homemade-chicken-soup-food-recipe/</link>
					<comments>/how-to-cook-homemade-chicken-soup-food-recipe/#respond</comments>
		
		<dc:creator><![CDATA[Mia]]></dc:creator>
		<pubDate>Fri, 11 Nov 2022 14:50:17 +0000</pubDate>
				<category><![CDATA[SOUPS, STEWS AND CHILI RECIPES]]></category>
		<guid isPermaLink="false">/how-to-cook-homemade-chicken-soup-food-recipe/</guid>

					<description><![CDATA[<p>Ingredients: 1 (3 pound) whole chicken 4 carrots, halved 4 stalks celery, halved 1 large onion, halved water to cover&#160;[&#8230;]</p>
<p>The post <a rel="nofollow" href="/how-to-cook-homemade-chicken-soup-food-recipe/">How to Cook Homemade Chicken Soup &#8211; Food Recipe</a> appeared first on <a rel="nofollow" href="/">Chicken Recipe Today</a>.</p>
]]></description>
										<content:encoded><![CDATA[<p><img decoding="async" src="https://imagesvc.meredithcorp.io/v3/mm/image?url=https%3A%2F%2Fimages.media-allrecipes.com%2Fuserphotos%2F9432255.jpg&#038;q=60&#038;c=sc&#038;orient=true&#038;poi=auto&#038;h=512" alt="Homemade Chicken Soup recipe" /></p>
<h2>Ingredients:</h2>
<p>1 (3 pound) whole chicken</p>
<p>4 carrots, halved</p>
<p>4 stalks celery, halved</p>
<p>1 large onion, halved</p>
<p>water to cover</p>
<p>salt and pepper to taste</p>
<p>1 teaspoon chicken bouillon granules (Optional)</p>
<h2>How to Make Homemade Chicken Soup</h2>
<p>Place chicken, carrots, celery, and onion in a large soup pot; add enough cold water to cover. Bring to a boil over medium heat; reduce heat to low and simmer, uncovered, until meat falls off of the bone, about 90 minutes. Skim off foam every so often, as needed.</p>
<p>Remove chicken from the pot and let sit until cool enough to handle; chop meat into pieces, and discard skin and bones.</p>
<p>Strain out vegetables, reserving the stock; rinse the soup pot and return the stock to the pot. Chop vegetables into smaller pieces; return chopped chicken and vegetables to the pot.</p>
<p>Warm soup until heated through; season with salt, pepper, and chicken bouillon to taste.</p>
<h2>Nutrition</h2>
<p>152<br />
Calories<br />
9g<br />
Fat<br />
4g<br />
Carbs<br />
13g<br />
Protein</p>
<h2>More Details</h2>
<p>Prep Time:<br />
15 mins<br />
Cook Time:<br />
1 hrs 30 mins<br />
Total Time:<br />
1 hrs 45 mins<br />
Servings:<br />
10</p>
<p>&nbsp;</p>
<p>Source: allrecipes.com</p>
<p>&nbsp;</p>
<p>&nbsp;</p>
<p>The post <a rel="nofollow" href="/how-to-cook-homemade-chicken-soup-food-recipe/">How to Cook Homemade Chicken Soup &#8211; Food Recipe</a> appeared first on <a rel="nofollow" href="/">Chicken Recipe Today</a>.</p>
]]></content:encoded>
					
					<wfw:commentRss>/how-to-cook-homemade-chicken-soup-food-recipe/feed/</wfw:commentRss>
			<slash:comments>0</slash:comments>
		
		
			</item>
		<item>
		<title>How to Cook Jamaican Brown Stew Chicken &#8211; Food Recipe</title>
		<link>/how-to-cook-jamaican-brown-stew-chicken-food-recipe/</link>
					<comments>/how-to-cook-jamaican-brown-stew-chicken-food-recipe/#respond</comments>
		
		<dc:creator><![CDATA[Mia]]></dc:creator>
		<pubDate>Fri, 11 Nov 2022 14:50:15 +0000</pubDate>
				<category><![CDATA[SOUPS, STEWS AND CHILI RECIPES]]></category>
		<guid isPermaLink="false">/how-to-cook-jamaican-brown-stew-chicken-food-recipe/</guid>

					<description><![CDATA[<p>Ingredients: 4 cloves garlic, minced ½ cup sliced green onions, white and green parts separated, divided 2 tablespoons packed dark&#160;[&#8230;]</p>
<p>The post <a rel="nofollow" href="/how-to-cook-jamaican-brown-stew-chicken-food-recipe/">How to Cook Jamaican Brown Stew Chicken &#8211; Food Recipe</a> appeared first on <a rel="nofollow" href="/">Chicken Recipe Today</a>.</p>
]]></description>
										<content:encoded><![CDATA[<p><img decoding="async" src="https://imagesvc.meredithcorp.io/v3/mm/image?url=https%3A%2F%2Fpublic-assets.meredithcorp.io%2F5e29c54cd58b62467d7ea024dc9667dc%2F166247998520220828_193214.jpg&#038;q=60&#038;c=sc&#038;orient=true&#038;poi=auto&#038;h=512" alt="Jamaican Brown Stew Chicken recipe" /></p>
<h2>Ingredients:</h2>
<p>4 cloves garlic, minced</p>
<p>½ cup sliced green onions, white and green parts separated, divided</p>
<p>2 tablespoons packed dark brown sugar</p>
<p>2 tablespoons fresh thyme leaves, chopped</p>
<p>1 tablespoon minced habanero pepper</p>
<p>1 tablespoon cider vinegar</p>
<p>2 teaspoons minced fresh ginger root</p>
<p>2 teaspoons kosher salt</p>
<p>1 teaspoon freshly ground black pepper</p>
<p>1 teaspoon smoked paprika</p>
<p>½ teaspoon ground allspice</p>
<p>8 (5 ounce) bone-in, skin-on chicken thighs</p>
<h2>How to Make Jamaican Brown Stew Chicken</h2>
<p>Whisk together garlic, white parts of green onions, brown sugar, thyme, habanero, vinegar, ginger, salt, pepper, paprika, and allspice in a large mixing bowl.</p>
<p>Make 2 cuts, about 1-inch apart, into the skin side of each thigh, perpendicular to the bone, cutting all the way down to the bone. Add chicken thighs to marinade; mix until evenly coated. Cover and place in the refrigerator to marinate, at least 4 hours or up to 12 hours. If possible, flip thighs several times while marinating.</p>
<p>Remove chicken from marinade. Scrape off any chunks of marinade from chicken into the bowl and reserve for later.</p>
<p>Heat 2 tablespoons oil in a large, deep, heavy-bottomed skillet or Dutch oven over medium-high heat until almost smoking. Working in batches, brown the chicken all over, about 5 minutes per side. Transfer chicken to the marinade bowl; set aside.</p>
<p>Heat 1 tablespoon oil in the same pan over medium-high heat. Add onion and a pinch of salt; cook until golden brown, 3 to 5 minutes. Stir in 1 tablespoon brown sugar and cook until onions are dark brown and caramelized, 3 to 5 minutes more.</p>
<p>Add chicken broth, ketchup, and bay leaves to the pan; bring to a boil. Add carrots, bell peppers, browned chicken thighs, and reserved marinade.</p>
<p>Reduce heat to medium-low. Simmer, stirring occasionally, until chicken is tender and no longer pink in the center and sauce has reduced and thickened, 1 to 1 1/2 hours. Skim excess fat that floats to the top; baste chicken occasionally with sauce.</p>
<p>Taste and adjust seasoning. Stir in green parts of green onions.</p>
<p>CHEF JOHN</p>
<h2>Nutrition</h2>
<p>343<br />
Calories<br />
20g<br />
Fat<br />
14g<br />
Carbs<br />
25g<br />
Protein</p>
<h2>More Details</h2>
<p>Prep Time:<br />
40 mins<br />
Cook Time:<br />
1 hrs 20 mins<br />
Additional Time:<br />
4 hrs<br />
Total Time:<br />
6 hrs<br />
Servings:<br />
8</p>
<p>&nbsp;</p>
<p>Source: allrecipes.com</p>
<p>&nbsp;</p>
<p>&nbsp;</p>
<p>The post <a rel="nofollow" href="/how-to-cook-jamaican-brown-stew-chicken-food-recipe/">How to Cook Jamaican Brown Stew Chicken &#8211; Food Recipe</a> appeared first on <a rel="nofollow" href="/">Chicken Recipe Today</a>.</p>
]]></content:encoded>
					
					<wfw:commentRss>/how-to-cook-jamaican-brown-stew-chicken-food-recipe/feed/</wfw:commentRss>
			<slash:comments>0</slash:comments>
		
		
			</item>
		<item>
		<title>How to Cook Best Jambalaya &#8211; Food Recipe</title>
		<link>/how-to-cook-best-jambalaya-food-recipe/</link>
					<comments>/how-to-cook-best-jambalaya-food-recipe/#respond</comments>
		
		<dc:creator><![CDATA[Mia]]></dc:creator>
		<pubDate>Fri, 11 Nov 2022 14:50:15 +0000</pubDate>
				<category><![CDATA[SOUPS, STEWS AND CHILI RECIPES]]></category>
		<guid isPermaLink="false">/how-to-cook-best-jambalaya-food-recipe/</guid>

					<description><![CDATA[<p>Ingredients: 2 tablespoons peanut oil, divided 1 tablespoon Cajun seasoning 10 ounces andouille sausage, sliced into rounds 1 pound boneless&#160;[&#8230;]</p>
<p>The post <a rel="nofollow" href="/how-to-cook-best-jambalaya-food-recipe/">How to Cook Best Jambalaya &#8211; Food Recipe</a> appeared first on <a rel="nofollow" href="/">Chicken Recipe Today</a>.</p>
]]></description>
										<content:encoded><![CDATA[<p><img decoding="async" src="https://imagesvc.meredithcorp.io/v3/mm/image?url=https%3A%2F%2Fpublic-assets.meredithcorp.io%2F4e397decf5f78cb7cc5d43f2869c7468%2F1665425876775k_Photo_Recipes_2021-04-how-to-jambalaya_2021-04-06_ATK-50516.jpg&#038;q=60&#038;c=sc&#038;orient=true&#038;poi=auto&#038;h=512" alt="Best Jambalaya recipe" /></p>
<h2>Ingredients:</h2>
<p>2 tablespoons peanut oil, divided</p>
<p>1 tablespoon Cajun seasoning</p>
<p>10 ounces andouille sausage, sliced into rounds</p>
<p>1 pound boneless skinless chicken breasts, cut into 1 inch pieces</p>
<p>1 onion, diced</p>
<p>1 small green bell pepper, diced</p>
<p>2 stalks celery, diced</p>
<p>3 cloves garlic, minced</p>
<p>1 (16 ounce) can crushed Italian tomatoes</p>
<p>½ teaspoon red pepper flakes</p>
<p>½ teaspoon ground black pepper</p>
<p>1 teaspoon salt</p>
<p>½ teaspoon hot pepper sauce</p>
<p>2 teaspoons Worcestershire sauce</p>
<p>1 teaspoon file powder</p>
<p>1 ¼ cups uncooked white rice</p>
<p>2 ½ cups chicken broth</p>
<h2>How to Make Best Jambalaya</h2>
<p>Heat 1 tablespoon of peanut oil in a large heavy Dutch oven over medium heat. Season the sausage and chicken pieces with Cajun seasoning. Saute sausage until browned. Remove with slotted spoon, and set aside. Add 1 tablespoon peanut oil, and saute chicken pieces until lightly browned on all sides. Remove with a slotted spoon, and set aside.</p>
<p>In the same pot, saute onion, bell pepper, celery and garlic until tender. Stir in crushed tomatoes, and season with red pepper, black pepper, salt, hot pepper sauce, Worcestershire sauce and file powder. Stir in chicken and sausage. Cook for 10 minutes, stirring occasionally.</p>
<p>Stir in the rice and chicken broth. Bring to a boil, reduce heat, and simmer for 20 to 25 minutes, or until liquid is absorbed.</p>
<p>MEREDITH</p>
<h2>Nutrition</h2>
<p>465<br />
Calories<br />
20g<br />
Fat<br />
42g<br />
Carbs<br />
28g<br />
Protein</p>
<h2>More Details</h2>
<p>Prep Time:<br />
20 mins<br />
Cook Time:<br />
45 mins<br />
Total Time:<br />
1 hrs 5 mins<br />
Servings:<br />
6<br />
Yield:<br />
6 servings</p>
<p>&nbsp;</p>
<p>Source: allrecipes.com</p>
<p>&nbsp;</p>
<p>&nbsp;</p>
<p>The post <a rel="nofollow" href="/how-to-cook-best-jambalaya-food-recipe/">How to Cook Best Jambalaya &#8211; Food Recipe</a> appeared first on <a rel="nofollow" href="/">Chicken Recipe Today</a>.</p>
]]></content:encoded>
					
					<wfw:commentRss>/how-to-cook-best-jambalaya-food-recipe/feed/</wfw:commentRss>
			<slash:comments>0</slash:comments>
		
		
			</item>
		<item>
		<title>How to Cook Chicken Tortilla Soup &#8211; Food Recipe</title>
		<link>/how-to-cook-chicken-tortilla-soup-food-recipe/</link>
					<comments>/how-to-cook-chicken-tortilla-soup-food-recipe/#respond</comments>
		
		<dc:creator><![CDATA[Mia]]></dc:creator>
		<pubDate>Fri, 11 Nov 2022 14:50:13 +0000</pubDate>
				<category><![CDATA[SOUPS, STEWS AND CHILI RECIPES]]></category>
		<guid isPermaLink="false">/how-to-cook-chicken-tortilla-soup-food-recipe/</guid>

					<description><![CDATA[<p>Ingredients: 1 tablespoon olive oil 1 medium onion, chopped 3 cloves garlic, minced 1 (28 ounce) can crushed tomatoes 1&#160;[&#8230;]</p>
<p>The post <a rel="nofollow" href="/how-to-cook-chicken-tortilla-soup-food-recipe/">How to Cook Chicken Tortilla Soup &#8211; Food Recipe</a> appeared first on <a rel="nofollow" href="/">Chicken Recipe Today</a>.</p>
]]></description>
										<content:encoded><![CDATA[<p><img decoding="async" src="https://imagesvc.meredithcorp.io/v3/mm/image?url=https%3A%2F%2Fimages.media-allrecipes.com%2Fuserphotos%2F9440627.jpg&#038;q=60&#038;c=sc&#038;orient=true&#038;poi=auto&#038;h=512" alt="Chicken Tortilla Soup recipe" /></p>
<h2>Ingredients:</h2>
<p>1 tablespoon olive oil</p>
<p>1 medium onion, chopped</p>
<p>3 cloves garlic, minced</p>
<p>1 (28 ounce) can crushed tomatoes</p>
<p>1 (10.5 ounce) can condensed chicken broth</p>
<p>1 ¼ cups water</p>
<p>2 teaspoons chili powder</p>
<p>1 teaspoon dried oregano</p>
<p>1 (15 ounce) can black beans, rinsed and drained</p>
<p>2 large boneless chicken breast halves, cooked and cut into bite-sized pieces</p>
<p>1 cup whole corn kernels, cooked</p>
<p>1 cup white hominy</p>
<p>1 (4 ounce) can chopped green chile peppers</p>
<p>¼ cup chopped fresh cilantro</p>
<p>½ cup crushed tortilla chips, or to taste</p>
<p>2 medium avocados, sliced, or to taste</p>
<p>½ cup shredded Monterey Jack cheese, or to taste</p>
<p>2 tablespoons chopped green onions, or to taste</p>
<h2>How to Make Chicken Tortilla Soup</h2>
<p>Heat oil in a stockpot over medium heat. Add onion and garlic; saute until soft, about 5 minutes. Stir in crushed tomatoes, condensed broth, water, chili powder, and oregano; bring to a boil. Reduce heat and simmer for 5 to 10 minutes.</p>
<p>Stir in black beans, cooked chicken, corn, hominy, chile peppers, and cilantro. Simmer for 10 minutes.</p>
<p>Ladle soup into individual serving bowls, and top with crushed tortilla chips, avocado slices, Monterey Jack cheese, and green onions.</p>
<p>DOTDASH MEREDITH FOOD STUDIOS</p>
<h2>Nutrition</h2>
<p>363<br />
Calories<br />
17g<br />
Fat<br />
29g<br />
Carbs<br />
26g<br />
Protein</p>
<h2>More Details</h2>
<p>Prep Time:<br />
15 mins<br />
Cook Time:<br />
25 mins<br />
Total Time:<br />
40 mins<br />
Servings:<br />
8</p>
<p>&nbsp;</p>
<p>Source: allrecipes.com</p>
<p>&nbsp;</p>
<p>&nbsp;</p>
<p>The post <a rel="nofollow" href="/how-to-cook-chicken-tortilla-soup-food-recipe/">How to Cook Chicken Tortilla Soup &#8211; Food Recipe</a> appeared first on <a rel="nofollow" href="/">Chicken Recipe Today</a>.</p>
]]></content:encoded>
					
					<wfw:commentRss>/how-to-cook-chicken-tortilla-soup-food-recipe/feed/</wfw:commentRss>
			<slash:comments>0</slash:comments>
		
		
			</item>
		<item>
		<title>How to Cook Caldo de Pollo &#8211; Food Recipe</title>
		<link>/how-to-cook-caldo-de-pollo-food-recipe/</link>
					<comments>/how-to-cook-caldo-de-pollo-food-recipe/#respond</comments>
		
		<dc:creator><![CDATA[Mia]]></dc:creator>
		<pubDate>Fri, 11 Nov 2022 14:50:13 +0000</pubDate>
				<category><![CDATA[SOUPS, STEWS AND CHILI RECIPES]]></category>
		<guid isPermaLink="false">/how-to-cook-caldo-de-pollo-food-recipe/</guid>

					<description><![CDATA[<p>Ingredients: 5 pounds chicken leg quarters 2 gallons water 2 tablespoons minced garlic 2 tablespoons salt 1 tablespoon garlic powder&#160;[&#8230;]</p>
<p>The post <a rel="nofollow" href="/how-to-cook-caldo-de-pollo-food-recipe/">How to Cook Caldo de Pollo &#8211; Food Recipe</a> appeared first on <a rel="nofollow" href="/">Chicken Recipe Today</a>.</p>
]]></description>
										<content:encoded><![CDATA[<p><img decoding="async" src="https://imagesvc.meredithcorp.io/v3/mm/image?url=https%3A%2F%2Fpublic-assets.meredithcorp.io%2F57f210eb73579bdefaa3226855858242%2F1666986650162image.jpg&#038;q=60&#038;c=sc&#038;orient=true&#038;poi=auto&#038;h=512" alt="Caldo de Pollo recipe" /></p>
<h2>Ingredients:</h2>
<p>5 pounds chicken leg quarters</p>
<p>2 gallons water</p>
<p>2 tablespoons minced garlic</p>
<p>2 tablespoons salt</p>
<p>1 tablespoon garlic powder</p>
<p>1 cube chicken bouillon</p>
<p>4 large carrots, peeled and cut into large chunks</p>
<p>4 large potatoes, peeled and cut into large chunks</p>
<p>4 zucchini, cut into large chunks</p>
<p>1 chayote, cut into large chunks</p>
<p>1 large white onion, cut into large chunks</p>
<p>½ bunch fresh cilantro, chopped</p>
<h2>How to Make Caldo de Pollo</h2>
<p>Place chicken legs into a large stockpot; pour water over chicken. Add minced garlic, salt, and garlic powder.</p>
<p>Cover and bring to a boil over high heat. Reduce to a simmer and cook until chicken meat falls off the bones, 1 to 2 hours.</p>
<p>Stir in chicken bouillon cube until dissolved; add carrots, potatoes, zucchini, chayote, and white onion. Reduce heat to medium-low and simmer until carrots and potatoes are tender, 45 minutes to 1 hour.</p>
<p>Stir chopped cilantro into soup. Simmer for 5 minutes and serve.</p>
<h2>Nutrition</h2>
<p>606<br />
Calories<br />
25g<br />
Fat<br />
42g<br />
Carbs<br />
52g<br />
Protein</p>
<h2>More Details</h2>
<p>Prep Time:<br />
20 mins<br />
Cook Time:<br />
1 hrs 50 mins<br />
Total Time:<br />
2 hrs 10 mins<br />
Servings:<br />
8</p>
<p>&nbsp;</p>
<p>Source: allrecipes.com</p>
<p>&nbsp;</p>
<p>&nbsp;</p>
<p>The post <a rel="nofollow" href="/how-to-cook-caldo-de-pollo-food-recipe/">How to Cook Caldo de Pollo &#8211; Food Recipe</a> appeared first on <a rel="nofollow" href="/">Chicken Recipe Today</a>.</p>
]]></content:encoded>
					
					<wfw:commentRss>/how-to-cook-caldo-de-pollo-food-recipe/feed/</wfw:commentRss>
			<slash:comments>0</slash:comments>
		
		
			</item>
	</channel>
</rss>
