<?xml version="1.0" encoding="UTF-8"?><rss version="2.0"
	xmlns:content="http://purl.org/rss/1.0/modules/content/"
	xmlns:wfw="http://wellformedweb.org/CommentAPI/"
	xmlns:dc="http://purl.org/dc/elements/1.1/"
	xmlns:atom="http://www.w3.org/2005/Atom"
	xmlns:sy="http://purl.org/rss/1.0/modules/syndication/"
	xmlns:slash="http://purl.org/rss/1.0/modules/slash/"
	>

<channel>
	<title>SPANISH &#8211; Chicken Recipe Today</title>
	<atom:link href="/category/spanish/feed/" rel="self" type="application/rss+xml" />
	<link>/</link>
	<description>Today Chicken Yesterday Chicken</description>
	<lastBuildDate>Fri, 11 Nov 2022 14:50:17 +0000</lastBuildDate>
	<language>en-US</language>
	<sy:updatePeriod>
	hourly	</sy:updatePeriod>
	<sy:updateFrequency>
	1	</sy:updateFrequency>
	<generator>https://wordpress.org/?v=6.1</generator>
	<item>
		<title>How to Cook Easy Paella &#8211; Food Recipe</title>
		<link>/how-to-cook-easy-paella-food-recipe/</link>
					<comments>/how-to-cook-easy-paella-food-recipe/#respond</comments>
		
		<dc:creator><![CDATA[Mia]]></dc:creator>
		<pubDate>Fri, 11 Nov 2022 14:50:17 +0000</pubDate>
				<category><![CDATA[SPANISH]]></category>
		<guid isPermaLink="false">/how-to-cook-easy-paella-food-recipe/</guid>

					<description><![CDATA[<p>Ingredients: 2 tablespoons olive oil 1 tablespoon ground paprika 2 teaspoons dried oregano salt and ground black pepper to taste&#160;[&#8230;]</p>
<p>The post <a rel="nofollow" href="/how-to-cook-easy-paella-food-recipe/">How to Cook Easy Paella &#8211; Food Recipe</a> appeared first on <a rel="nofollow" href="/">Chicken Recipe Today</a>.</p>
]]></description>
										<content:encoded><![CDATA[<p><img decoding="async" src="https://imagesvc.meredithcorp.io/v3/mm/image?url=https%3A%2F%2Fimages.media-allrecipes.com%2Fuserphotos%2F8253233.jpg&#038;q=60&#038;c=sc&#038;orient=true&#038;poi=auto&#038;h=512" alt="Easy Paella recipe" /></p>
<h2>Ingredients:</h2>
<p>2 tablespoons olive oil</p>
<p>1 tablespoon ground paprika</p>
<p>2 teaspoons dried oregano</p>
<p>salt and ground black pepper to taste</p>
<h2>How to Make Easy Paella</h2>
<p>Mix olive oil, paprika, oregano, salt, and pepper for marinade in a glass bowl.</p>
<p>Begin paella: Add chicken and stir to coat. Cover and refrigerate until needed.</p>
<p>Heat 2 tablespoons olive oil in a large skillet or paella pan over medium heat. Stir in garlic and pepper flakes, then stir in rice. Cook and stir until rice is coated with oil, about 3 minutes.</p>
<p>Add saffron threads, bay leaf, parsley, chicken stock, and lemon zest. Stir until well combined and bring to a boil. Reduce heat to medium-low, cover, and simmer for 20 minutes.</p>
<p>While the rice is cooking, heat olive oil in a separate skillet over medium heat. Stir in marinated chicken and cook for 3 minutes. Add onion and cook until translucent, about 5 minutes.</p>
<p>Add bell pepper and sausage; cook and stir, breaking sausage up with a spatula, for 5 minutes. Add shrimp; cook and stir until shrimp are bright pink on the outside and the meat is opaque, about 2 minutes.</p>
<p>Spread rice mixture onto a serving tray. Top with meat and seafood mixture.</p>
<p>DOTDASH MEREDITH FOOD STUDIOS</p>
<h2>Nutrition</h2>
<p>736<br />
Calories<br />
35g<br />
Fat<br />
46g<br />
Carbs<br />
56g<br />
Protein</p>
<h2>More Details</h2>
<p>Prep Time:<br />
30 mins<br />
Cook Time:<br />
30 mins<br />
Total Time:<br />
1 hrs<br />
Servings:<br />
8</p>
<p>&nbsp;</p>
<p>Source: allrecipes.com</p>
<p>&nbsp;</p>
<p>&nbsp;</p>
<p>The post <a rel="nofollow" href="/how-to-cook-easy-paella-food-recipe/">How to Cook Easy Paella &#8211; Food Recipe</a> appeared first on <a rel="nofollow" href="/">Chicken Recipe Today</a>.</p>
]]></content:encoded>
					
					<wfw:commentRss>/how-to-cook-easy-paella-food-recipe/feed/</wfw:commentRss>
			<slash:comments>0</slash:comments>
		
		
			</item>
	</channel>
</rss>
