<?xml version="1.0" encoding="UTF-8"?><rss version="2.0"
	xmlns:content="http://purl.org/rss/1.0/modules/content/"
	xmlns:wfw="http://wellformedweb.org/CommentAPI/"
	xmlns:dc="http://purl.org/dc/elements/1.1/"
	xmlns:atom="http://www.w3.org/2005/Atom"
	xmlns:sy="http://purl.org/rss/1.0/modules/syndication/"
	xmlns:slash="http://purl.org/rss/1.0/modules/slash/"
	>

<channel>
	<title>CUISINE &#8211; Chicken Recipe Today</title>
	<atom:link href="/category/cuisine/feed/" rel="self" type="application/rss+xml" />
	<link>/</link>
	<description>Today Chicken Yesterday Chicken</description>
	<lastBuildDate>Fri, 11 Nov 2022 14:50:17 +0000</lastBuildDate>
	<language>en-US</language>
	<sy:updatePeriod>
	hourly	</sy:updatePeriod>
	<sy:updateFrequency>
	1	</sy:updateFrequency>
	<generator>https://wordpress.org/?v=6.1</generator>
	<item>
		<title>How to Cook Quick and Easy Pancit &#8211; Food Recipe</title>
		<link>/how-to-cook-quick-and-easy-pancit-food-recipe/</link>
					<comments>/how-to-cook-quick-and-easy-pancit-food-recipe/#respond</comments>
		
		<dc:creator><![CDATA[Mia]]></dc:creator>
		<pubDate>Fri, 11 Nov 2022 14:50:17 +0000</pubDate>
				<category><![CDATA[CUISINE]]></category>
		<guid isPermaLink="false">/how-to-cook-quick-and-easy-pancit-food-recipe/</guid>

					<description><![CDATA[<p>Ingredients: 1 (12 ounce) package dried rice noodles 1 teaspoon vegetable oil 1 onion, finely diced 3 cloves garlic, minced&#160;[&#8230;]</p>
<p>The post <a rel="nofollow" href="/how-to-cook-quick-and-easy-pancit-food-recipe/">How to Cook Quick and Easy Pancit &#8211; Food Recipe</a> appeared first on <a rel="nofollow" href="/">Chicken Recipe Today</a>.</p>
]]></description>
										<content:encoded><![CDATA[<p><img decoding="async" src="https://imagesvc.meredithcorp.io/v3/mm/image?url=https%3A%2F%2Fpublic-assets.meredithcorp.io%2F8f02d6adc0ffc4bd852eef00e4653aab%2F166223735174321346-21AE-483A-AE6A-F698BBC38AFA.jpeg&#038;q=60&#038;c=sc&#038;orient=true&#038;poi=auto&#038;h=512" alt="Quick and Easy Pancit recipe" /></p>
<h2>Ingredients:</h2>
<p>1 (12 ounce) package dried rice noodles</p>
<p>1 teaspoon vegetable oil</p>
<p>1 onion, finely diced</p>
<p>3 cloves garlic, minced</p>
<p>2 cups diced cooked chicken breast meat</p>
<p>1 small head cabbage, thinly sliced</p>
<p>4 carrot, thinly sliced</p>
<p>¼ cup soy sauce</p>
<p>2 lemons &#8211; cut into wedges, for garnish</p>
<h2>How to Make Quick and Easy Pancit</h2>
<p>Place rice noodles in a large bowl; cover with warm water and let soften for 8 to 10 minutes. Drain and set aside.</p>
<p>Meanwhile, heat oil in a wok or large skillet over medium-low heat. Add onion and garlic; cook and stir until onion is tender, about 3 to 5 minutes. Stir in chicken, cabbage, carrots, and soy sauce. Cook until cabbage begins to soften. Toss in noodles and cook, stirring constantly, until heated through.</p>
<p>Transfer pancit to a serving dish and garnish with lemon wedges.</p>
<p>PAULA GOLETA</p>
<h2>Nutrition</h2>
<p>369<br />
Calories<br />
5g<br />
Fat<br />
65g<br />
Carbs<br />
18g<br />
Protein</p>
<h2>More Details</h2>
<p>Prep Time:<br />
15 mins<br />
Cook Time:<br />
15 mins<br />
Total Time:<br />
30 mins<br />
Servings:<br />
6</p>
<p>&nbsp;</p>
<p>Source: allrecipes.com</p>
<p>&nbsp;</p>
<p>&nbsp;</p>
<p>The post <a rel="nofollow" href="/how-to-cook-quick-and-easy-pancit-food-recipe/">How to Cook Quick and Easy Pancit &#8211; Food Recipe</a> appeared first on <a rel="nofollow" href="/">Chicken Recipe Today</a>.</p>
]]></content:encoded>
					
					<wfw:commentRss>/how-to-cook-quick-and-easy-pancit-food-recipe/feed/</wfw:commentRss>
			<slash:comments>0</slash:comments>
		
		
			</item>
		<item>
		<title>How to Cook Chicken Tinola &#8211; Food Recipe</title>
		<link>/how-to-cook-chicken-tinola-food-recipe/</link>
					<comments>/how-to-cook-chicken-tinola-food-recipe/#respond</comments>
		
		<dc:creator><![CDATA[Mia]]></dc:creator>
		<pubDate>Fri, 11 Nov 2022 14:50:13 +0000</pubDate>
				<category><![CDATA[CUISINE]]></category>
		<guid isPermaLink="false">/how-to-cook-chicken-tinola-food-recipe/</guid>

					<description><![CDATA[<p>Ingredients: 1 tablespoon cooking oil 1 medium onion, chopped 2 cloves garlic, minced 1 (1 1/2 inch) piece fresh ginger,&#160;[&#8230;]</p>
<p>The post <a rel="nofollow" href="/how-to-cook-chicken-tinola-food-recipe/">How to Cook Chicken Tinola &#8211; Food Recipe</a> appeared first on <a rel="nofollow" href="/">Chicken Recipe Today</a>.</p>
]]></description>
										<content:encoded><![CDATA[<p><img decoding="async" src="https://imagesvc.meredithcorp.io/v3/mm/image?url=https%3A%2F%2Fpublic-assets.meredithcorp.io%2Fc1974319cbb26a48572fce499a568187%2F166269458816626945690753495708829739706442.jpg&#038;q=60&#038;c=sc&#038;orient=true&#038;poi=auto&#038;h=512" alt="Chicken Tinola recipe" /></p>
<h2>Ingredients:</h2>
<p>1 tablespoon cooking oil</p>
<p>1 medium onion, chopped</p>
<p>2 cloves garlic, minced</p>
<p>1 (1 1/2 inch) piece fresh ginger, peeled and thinly sliced</p>
<p>1 tablespoon fish sauce</p>
<p>3 pounds chicken legs and thighs, rinsed and patted dry</p>
<p>2 (14 ounce) cans chicken broth</p>
<p>1 chayote squash, peeled and cut into bite-sized pieces</p>
<p>salt and ground black pepper to taste</p>
<p>1 head bok choy, chopped</p>
<p>1 (8 ounce) package fresh spinach, chopped</p>
<h2>How to Make Chicken Tinola</h2>
<p>Heat oil in a large pot over medium heat. Add onion and garlic; cook and stir until fragrant, about 2 minutes. Add ginger and fish sauce; cook and stir for 1 to 2 minutes. Stir in chicken and cook for 5 minutes.</p>
<p>Pour in chicken broth and cook for 5 minutes. Add squash and simmer until chicken is no longer pink in the center, about 10 minutes. Season with salt and pepper.</p>
<p>Add bok choy and spinach; cook until spinach is just wilted, 1 to 2 minutes. Serve hot.</p>
<h2>Nutrition</h2>
<p>532<br />
Calories<br />
23g<br />
Fat<br />
14g<br />
Carbs<br />
66g<br />
Protein</p>
<h2>More Details</h2>
<p>Prep Time:<br />
30 mins<br />
Cook Time:<br />
20 mins<br />
Total Time:<br />
50 mins<br />
Servings:<br />
4</p>
<p>&nbsp;</p>
<p>Source: allrecipes.com</p>
<p>&nbsp;</p>
<p>&nbsp;</p>
<p>The post <a rel="nofollow" href="/how-to-cook-chicken-tinola-food-recipe/">How to Cook Chicken Tinola &#8211; Food Recipe</a> appeared first on <a rel="nofollow" href="/">Chicken Recipe Today</a>.</p>
]]></content:encoded>
					
					<wfw:commentRss>/how-to-cook-chicken-tinola-food-recipe/feed/</wfw:commentRss>
			<slash:comments>0</slash:comments>
		
		
			</item>
		<item>
		<title>How to Cook Chicken Arroz Caldo (Chicken Rice Porridge) &#8211; Food Recipe</title>
		<link>/how-to-cook-chicken-arroz-caldo-chicken-rice-porridge-food-recipe/</link>
					<comments>/how-to-cook-chicken-arroz-caldo-chicken-rice-porridge-food-recipe/#respond</comments>
		
		<dc:creator><![CDATA[Mia]]></dc:creator>
		<pubDate>Fri, 11 Nov 2022 14:50:13 +0000</pubDate>
				<category><![CDATA[CUISINE]]></category>
		<guid isPermaLink="false">/how-to-cook-chicken-arroz-caldo-chicken-rice-porridge-food-recipe/</guid>

					<description><![CDATA[<p>Ingredients: 2 tablespoons olive oil 1 onion, diced 2 cloves garlic, crushed 1 (2 inch) piece fresh ginger, peeled and&#160;[&#8230;]</p>
<p>The post <a rel="nofollow" href="/how-to-cook-chicken-arroz-caldo-chicken-rice-porridge-food-recipe/">How to Cook Chicken Arroz Caldo (Chicken Rice Porridge) &#8211; Food Recipe</a> appeared first on <a rel="nofollow" href="/">Chicken Recipe Today</a>.</p>
]]></description>
										<content:encoded><![CDATA[<p><img decoding="async" src="https://imagesvc.meredithcorp.io/v3/mm/image?url=https%3A%2F%2Fpublic-assets.meredithcorp.io%2F1fc7c9bc9eb692647451d33c6bb68059%2F165424397820220603_173256.jpg&#038;q=60&#038;c=sc&#038;orient=true&#038;poi=auto&#038;h=512" alt="Chicken Arroz Caldo (Chicken Rice Porridge) recipe" /></p>
<h2>Ingredients:</h2>
<p>2 tablespoons olive oil</p>
<p>1 onion, diced</p>
<p>2 cloves garlic, crushed</p>
<p>1 (2 inch) piece fresh ginger, peeled and thinly sliced</p>
<p>2 ¼ pounds chicken wings, split and tips discarded</p>
<p>1 tablespoon fish sauce (Optional)</p>
<p>5 ¼ cups chicken broth</p>
<p>1 cup glutinous sweet rice</p>
<p>salt and pepper to taste</p>
<p>1 green onion, chopped</p>
<p>1 lemon, sliced (Optional)</p>
<p>1 teaspoon fish sauce for sprinkling, if desired (Optional)</p>
<h2>How to Make Chicken Arroz Caldo (Chicken Rice Porridge)</h2>
<p>Heat oil in a large pot over medium heat. Cook and stir onion, garlic, and ginger in hot oil until fragrant, about 5 minutes. Add chicken wings; cook and stir for 1 minute. Stir in fish sauce, cover, and cook another 2 minutes.</p>
<p>Pour chicken broth into the pot. Stir in sweet rice and bring mixture to a boil. Cover and cook for 10 minutes, stirring occasionally to prevent rice from sticking to the bottom of the pot. Season with salt and pepper.</p>
<p>Portion soup into bowls and garnish with green onion. Serve with lemon slices and additional fish sauce, if desired.</p>
<h2>Nutrition</h2>
<p>294<br />
Calories<br />
15g<br />
Fat<br />
25g<br />
Carbs<br />
16g<br />
Protein</p>
<h2>More Details</h2>
<p>Prep Time:<br />
20 mins<br />
Cook Time:<br />
20 mins<br />
Total Time:<br />
40 mins<br />
Servings:<br />
5</p>
<p>&nbsp;</p>
<p>Source: allrecipes.com</p>
<p>&nbsp;</p>
<p>&nbsp;</p>
<p>The post <a rel="nofollow" href="/how-to-cook-chicken-arroz-caldo-chicken-rice-porridge-food-recipe/">How to Cook Chicken Arroz Caldo (Chicken Rice Porridge) &#8211; Food Recipe</a> appeared first on <a rel="nofollow" href="/">Chicken Recipe Today</a>.</p>
]]></content:encoded>
					
					<wfw:commentRss>/how-to-cook-chicken-arroz-caldo-chicken-rice-porridge-food-recipe/feed/</wfw:commentRss>
			<slash:comments>0</slash:comments>
		
		
			</item>
	</channel>
</rss>
