<?xml version="1.0" encoding="UTF-8"?><rss version="2.0"
	xmlns:content="http://purl.org/rss/1.0/modules/content/"
	xmlns:wfw="http://wellformedweb.org/CommentAPI/"
	xmlns:dc="http://purl.org/dc/elements/1.1/"
	xmlns:atom="http://www.w3.org/2005/Atom"
	xmlns:sy="http://purl.org/rss/1.0/modules/syndication/"
	xmlns:slash="http://purl.org/rss/1.0/modules/slash/"
	>

<channel>
	<title>INGREDIENTS &#8211; Chicken Recipe Today</title>
	<atom:link href="/category/ingredients/feed/" rel="self" type="application/rss+xml" />
	<link>/</link>
	<description>Today Chicken Yesterday Chicken</description>
	<lastBuildDate>Fri, 11 Nov 2022 14:50:13 +0000</lastBuildDate>
	<language>en-US</language>
	<sy:updatePeriod>
	hourly	</sy:updatePeriod>
	<sy:updateFrequency>
	1	</sy:updateFrequency>
	<generator>https://wordpress.org/?v=6.1</generator>
	<item>
		<title>How to Cook Chicken Seasoning Blend &#8211; Food Recipe</title>
		<link>/how-to-cook-chicken-seasoning-blend-food-recipe/</link>
					<comments>/how-to-cook-chicken-seasoning-blend-food-recipe/#respond</comments>
		
		<dc:creator><![CDATA[Mia]]></dc:creator>
		<pubDate>Fri, 11 Nov 2022 14:50:13 +0000</pubDate>
				<category><![CDATA[INGREDIENTS]]></category>
		<guid isPermaLink="false">/how-to-cook-chicken-seasoning-blend-food-recipe/</guid>

					<description><![CDATA[<p>Ingredients: 1 ½ teaspoons sea salt 1 teaspoon dried basil 1 teaspoon crushed dried rosemary ½ teaspoon garlic powder ½&#160;[&#8230;]</p>
<p>The post <a rel="nofollow" href="/how-to-cook-chicken-seasoning-blend-food-recipe/">How to Cook Chicken Seasoning Blend &#8211; Food Recipe</a> appeared first on <a rel="nofollow" href="/">Chicken Recipe Today</a>.</p>
]]></description>
										<content:encoded><![CDATA[<p><img decoding="async" src="https://imagesvc.meredithcorp.io/v3/mm/image?url=https%3A%2F%2Fimages.media-allrecipes.com%2Fuserphotos%2F9367137.jpg&#038;q=60&#038;c=sc&#038;orient=true&#038;poi=auto&#038;h=512" alt="Chicken Seasoning Blend recipe" /></p>
<h2>Ingredients:</h2>
<p>1 ½ teaspoons sea salt</p>
<p>1 teaspoon dried basil</p>
<p>1 teaspoon crushed dried rosemary</p>
<p>½ teaspoon garlic powder</p>
<p>½ teaspoon dry mustard powder</p>
<p>½ teaspoon paprika</p>
<p>½ teaspoon ground black pepper</p>
<p>½ teaspoon ground dried thyme</p>
<p>¼ teaspoon celery seed</p>
<p>¼ teaspoon dried parsley</p>
<p>⅛ teaspoon ground cumin</p>
<p>⅛ teaspoon cayenne pepper</p>
<p>⅛ teaspoon chicken bouillon granules</p>
<h2>How to Make Chicken Seasoning Blend</h2>
<p>Mix salt, basil, rosemary, garlic powder, mustard powder, paprika, black pepper, thyme, celery seed, parsley, cumin, cayenne pepper, and chicken bouillon together in a small bowl until blended.</p>
<h2>Nutrition</h2>
<p>6<br />
Calories<br />
0g<br />
Fat<br />
1g<br />
Carbs<br />
0g<br />
Protein</p>
<h2>More Details</h2>
<p>Prep Time:<br />
5 mins<br />
Total Time:<br />
5 mins<br />
Servings:<br />
6<br />
Yield:<br />
2 tablespoons</p>
<p>&nbsp;</p>
<p>Source: allrecipes.com</p>
<p>&nbsp;</p>
<p>&nbsp;</p>
<p>The post <a rel="nofollow" href="/how-to-cook-chicken-seasoning-blend-food-recipe/">How to Cook Chicken Seasoning Blend &#8211; Food Recipe</a> appeared first on <a rel="nofollow" href="/">Chicken Recipe Today</a>.</p>
]]></content:encoded>
					
					<wfw:commentRss>/how-to-cook-chicken-seasoning-blend-food-recipe/feed/</wfw:commentRss>
			<slash:comments>0</slash:comments>
		
		
			</item>
	</channel>
</rss>
