<?xml version="1.0" encoding="UTF-8"?><rss version="2.0"
	xmlns:content="http://purl.org/rss/1.0/modules/content/"
	xmlns:wfw="http://wellformedweb.org/CommentAPI/"
	xmlns:dc="http://purl.org/dc/elements/1.1/"
	xmlns:atom="http://www.w3.org/2005/Atom"
	xmlns:sy="http://purl.org/rss/1.0/modules/syndication/"
	xmlns:slash="http://purl.org/rss/1.0/modules/slash/"
	>

<channel>
	<title>Mia &#8211; Chicken Recipe Today</title>
	<atom:link href="/author/triliuner/feed/" rel="self" type="application/rss+xml" />
	<link>/</link>
	<description>Today Chicken Yesterday Chicken</description>
	<lastBuildDate>Fri, 11 Nov 2022 14:50:19 +0000</lastBuildDate>
	<language>en-US</language>
	<sy:updatePeriod>
	hourly	</sy:updatePeriod>
	<sy:updateFrequency>
	1	</sy:updateFrequency>
	<generator>https://wordpress.org/?v=6.1</generator>
	<item>
		<title>How to Cook Rotisserie Chicken &#8211; Food Recipe</title>
		<link>/how-to-cook-rotisserie-chicken-food-recipe/</link>
					<comments>/how-to-cook-rotisserie-chicken-food-recipe/#respond</comments>
		
		<dc:creator><![CDATA[Mia]]></dc:creator>
		<pubDate>Fri, 11 Nov 2022 14:50:19 +0000</pubDate>
				<category><![CDATA[MEAT AND POULTRY]]></category>
		<guid isPermaLink="false">/how-to-cook-rotisserie-chicken-food-recipe/</guid>

					<description><![CDATA[<p>Ingredients: 1 (3 pound) whole chicken 1 pinch salt ¼ cup butter, melted 1 tablespoon salt 1 tablespoon ground paprika&#160;[&#8230;]</p>
<p>The post <a rel="nofollow" href="/how-to-cook-rotisserie-chicken-food-recipe/">How to Cook Rotisserie Chicken &#8211; Food Recipe</a> appeared first on <a rel="nofollow" href="/">Chicken Recipe Today</a>.</p>
]]></description>
										<content:encoded><![CDATA[<p><img decoding="async" src="https://imagesvc.meredithcorp.io/v3/mm/image?url=https%3A%2F%2Fimages.media-allrecipes.com%2Fuserphotos%2F9247690.jpg&#038;q=60&#038;c=sc&#038;orient=true&#038;poi=auto&#038;h=512" alt="Rotisserie Chicken recipe" /></p>
<h2>Ingredients:</h2>
<p>1 (3 pound) whole chicken</p>
<p>1 pinch salt</p>
<p>¼ cup butter, melted</p>
<p>1 tablespoon salt</p>
<p>1 tablespoon ground paprika</p>
<p>¼ tablespoon ground black pepper</p>
<h2>How to Make Rotisserie Chicken</h2>
<p>Preheat an outdoor grill for high heat and lightly oil the grate.</p>
<p>Season chicken cavity with a pinch of salt. Tie legs together with kitchen string; then tie wings to the bird. Secure chicken on a rotisserie attachment.</p>
<p>Place rotisserie over the preheated grill and cook for 10 minutes.</p>
<p>Meanwhile, quickly mix together butter, 1 tablespoon of salt, paprika, and pepper. Turn the grill down to medium and baste chicken with butter mixture.</p>
<p>Close the lid and cook over medium heat, basting occasionally, until chicken is cooked through and the internal temperature reaches 180 degrees F (83 degrees C), 1 to 1 1/2 hours.</p>
<p>Remove chicken from the rotisserie and let rest for 10 to 15 minutes before carving.</p>
<h2>Nutrition</h2>
<p>357<br />
Calories<br />
25g<br />
Fat<br />
1g<br />
Carbs<br />
31g<br />
Protein</p>
<h2>More Details</h2>
<p>Prep Time:<br />
10 mins<br />
Cook Time:<br />
1 hrs 10 mins<br />
Additional Time:<br />
10 mins<br />
Total Time:<br />
1 hrs 30 mins<br />
Servings:<br />
6</p>
<p>&nbsp;</p>
<p>Source: allrecipes.com</p>
<p>&nbsp;</p>
<p>&nbsp;</p>
<p>The post <a rel="nofollow" href="/how-to-cook-rotisserie-chicken-food-recipe/">How to Cook Rotisserie Chicken &#8211; Food Recipe</a> appeared first on <a rel="nofollow" href="/">Chicken Recipe Today</a>.</p>
]]></content:encoded>
					
					<wfw:commentRss>/how-to-cook-rotisserie-chicken-food-recipe/feed/</wfw:commentRss>
			<slash:comments>0</slash:comments>
		
		
			</item>
		<item>
		<title>How to Cook Buffalo Chicken Dip &#8211; Food Recipe</title>
		<link>/how-to-cook-buffalo-chicken-dip-food-recipe/</link>
					<comments>/how-to-cook-buffalo-chicken-dip-food-recipe/#respond</comments>
		
		<dc:creator><![CDATA[Mia]]></dc:creator>
		<pubDate>Fri, 11 Nov 2022 14:50:17 +0000</pubDate>
				<category><![CDATA[APPETIZERS AND SNACKS]]></category>
		<guid isPermaLink="false">/how-to-cook-buffalo-chicken-dip-food-recipe/</guid>

					<description><![CDATA[<p>Ingredients: 2 (10 ounce) cans chunk chicken, drained ¾ cup hot pepper sauce (such as Frank&#39;s RedHot®) 2 (8 ounce)&#160;[&#8230;]</p>
<p>The post <a rel="nofollow" href="/how-to-cook-buffalo-chicken-dip-food-recipe/">How to Cook Buffalo Chicken Dip &#8211; Food Recipe</a> appeared first on <a rel="nofollow" href="/">Chicken Recipe Today</a>.</p>
]]></description>
										<content:encoded><![CDATA[<p><img decoding="async" src="https://imagesvc.meredithcorp.io/v3/mm/image?url=https%3A%2F%2Fpublic-assets.meredithcorp.io%2F38e9c985e321f6fa4e2b88f27231391f%2F166389516216638951502916774949302441698809.jpg&#038;q=60&#038;c=sc&#038;orient=true&#038;poi=auto&#038;h=512" alt="Buffalo Chicken Dip recipe" /></p>
<h2>Ingredients:</h2>
<p>2 (10 ounce) cans chunk chicken, drained</p>
<p>¾ cup hot pepper sauce (such as Frank&#39;s RedHot®)</p>
<p>2 (8 ounce) packages cream cheese, softened</p>
<p>1 cup ranch dressing</p>
<p>1 ½ cups shredded Cheddar cheese</p>
<p>1 bunch celery, cut into 4-inch pieces</p>
<p>1 (8 ounce) box chicken-flavored crackers</p>
<h2>How to Make Buffalo Chicken Dip</h2>
<p>Heat chicken and hot pepper sauce in a skillet over medium heat until heated through, 3 to 5 minutes. Stir in cream cheese and ranch dressing. Cook and stir until well blended and warm, 3 to 5 minutes.</p>
<p>Mix in 1/2 of the Cheddar cheese, and transfer the mixture to a slow cooker. Sprinkle the remaining cheese over top.</p>
<p>Cover and cook on Low until dip is hot and bubbly, about 35 minutes.</p>
<p>Serve with celery sticks and crackers.</p>
<p>MACKENZIE SCHIECK</p>
<h2>Nutrition</h2>
<p>284<br />
Calories<br />
23g<br />
Fat<br />
9g<br />
Carbs<br />
11g<br />
Protein</p>
<h2>More Details</h2>
<p>Prep Time:<br />
15 mins<br />
Cook Time:<br />
40 mins<br />
Total Time:<br />
55 mins<br />
Servings:<br />
20<br />
Yield:<br />
5 cups</p>
<p>&nbsp;</p>
<p>Source: allrecipes.com</p>
<p>&nbsp;</p>
<p>&nbsp;</p>
<p>The post <a rel="nofollow" href="/how-to-cook-buffalo-chicken-dip-food-recipe/">How to Cook Buffalo Chicken Dip &#8211; Food Recipe</a> appeared first on <a rel="nofollow" href="/">Chicken Recipe Today</a>.</p>
]]></content:encoded>
					
					<wfw:commentRss>/how-to-cook-buffalo-chicken-dip-food-recipe/feed/</wfw:commentRss>
			<slash:comments>0</slash:comments>
		
		
			</item>
		<item>
		<title>How to Cook Baked Garlic Parmesan Chicken &#8211; Food Recipe</title>
		<link>/how-to-cook-baked-garlic-parmesan-chicken-food-recipe/</link>
					<comments>/how-to-cook-baked-garlic-parmesan-chicken-food-recipe/#respond</comments>
		
		<dc:creator><![CDATA[Mia]]></dc:creator>
		<pubDate>Fri, 11 Nov 2022 14:50:17 +0000</pubDate>
				<category><![CDATA[CHICKEN]]></category>
		<guid isPermaLink="false">/how-to-cook-baked-garlic-parmesan-chicken-food-recipe/</guid>

					<description><![CDATA[<p>Ingredients: 2 tablespoons olive oil 1 clove garlic, minced 1 cup dry bread crumbs ⅔ cup grated Parmesan cheese 1&#160;[&#8230;]</p>
<p>The post <a rel="nofollow" href="/how-to-cook-baked-garlic-parmesan-chicken-food-recipe/">How to Cook Baked Garlic Parmesan Chicken &#8211; Food Recipe</a> appeared first on <a rel="nofollow" href="/">Chicken Recipe Today</a>.</p>
]]></description>
										<content:encoded><![CDATA[<p><img decoding="async" src="https://imagesvc.meredithcorp.io/v3/mm/image?url=https%3A%2F%2Fimages.media-allrecipes.com%2Fuserphotos%2F9419196.jpg&#038;q=60&#038;c=sc&#038;orient=true&#038;poi=auto&#038;h=512" alt="Baked Garlic Parmesan Chicken recipe" /></p>
<h2>Ingredients:</h2>
<p>2 tablespoons olive oil</p>
<p>1 clove garlic, minced</p>
<p>1 cup dry bread crumbs</p>
<p>⅔ cup grated Parmesan cheese</p>
<p>1 teaspoon dried basil leaves</p>
<p>¼ teaspoon ground black pepper</p>
<p>6 skinless, boneless chicken breast halves</p>
<h2>How to Make Baked Garlic Parmesan Chicken</h2>
<p>Preheat oven to 350 degrees F (175 degrees C). Lightly grease a 9&#215;13 inch baking dish.</p>
<p>In a bowl, blend the olive oil and garlic. In a separate bowl, mix the bread crumbs, Parmesan cheese, basil, and pepper. Dip each chicken breast in the oil mixture, then in the bread crumb mixture. Arrange the coated chicken breasts in the prepared baking dish, and top with any remaining bread crumb mixture.</p>
<p>Bake 30 minutes in the preheated oven, or until chicken is no longer pink and juices run clear.</p>
<p>ALBERTA ROSE</p>
<h2>Nutrition</h2>
<p>281<br />
Calories<br />
11g<br />
Fat<br />
14g<br />
Carbs<br />
30g<br />
Protein</p>
<h2>More Details</h2>
<p>Prep Time:<br />
15 mins<br />
Cook Time:<br />
30 mins<br />
Total Time:<br />
45 mins<br />
Servings:<br />
6<br />
Yield:<br />
6 servings</p>
<p>&nbsp;</p>
<p>Source: allrecipes.com</p>
<p>&nbsp;</p>
<p>&nbsp;</p>
<p>The post <a rel="nofollow" href="/how-to-cook-baked-garlic-parmesan-chicken-food-recipe/">How to Cook Baked Garlic Parmesan Chicken &#8211; Food Recipe</a> appeared first on <a rel="nofollow" href="/">Chicken Recipe Today</a>.</p>
]]></content:encoded>
					
					<wfw:commentRss>/how-to-cook-baked-garlic-parmesan-chicken-food-recipe/feed/</wfw:commentRss>
			<slash:comments>0</slash:comments>
		
		
			</item>
		<item>
		<title>How to Cook Chicken Cordon Bleu &#8211; Food Recipe</title>
		<link>/how-to-cook-chicken-cordon-bleu-food-recipe/</link>
					<comments>/how-to-cook-chicken-cordon-bleu-food-recipe/#respond</comments>
		
		<dc:creator><![CDATA[Mia]]></dc:creator>
		<pubDate>Fri, 11 Nov 2022 14:50:17 +0000</pubDate>
				<category><![CDATA[MAIN DISHES]]></category>
		<guid isPermaLink="false">/how-to-cook-chicken-cordon-bleu-food-recipe/</guid>

					<description><![CDATA[<p>Ingredients: nonstick cooking spray 4 skinless, boneless chicken breast halves ¼ teaspoon salt ⅛ teaspoon ground black pepper 6 slices&#160;[&#8230;]</p>
<p>The post <a rel="nofollow" href="/how-to-cook-chicken-cordon-bleu-food-recipe/">How to Cook Chicken Cordon Bleu &#8211; Food Recipe</a> appeared first on <a rel="nofollow" href="/">Chicken Recipe Today</a>.</p>
]]></description>
										<content:encoded><![CDATA[<p><img decoding="async" src="https://imagesvc.meredithcorp.io/v3/mm/image?url=https%3A%2F%2Fpublic-assets.meredithcorp.io%2F533cdb861ef98930d71851de2b3699ec%2F166683364227920221026_190553.jpg&#038;q=60&#038;c=sc&#038;orient=true&#038;poi=auto&#038;h=512" alt="Chicken Cordon Bleu recipe" /></p>
<h2>Ingredients:</h2>
<p>nonstick cooking spray</p>
<p>4 skinless, boneless chicken breast halves</p>
<p>¼ teaspoon salt</p>
<p>⅛ teaspoon ground black pepper</p>
<p>6 slices Swiss cheese</p>
<p>4 slices cooked ham</p>
<p>½ cup seasoned bread crumbs</p>
<h2>How to Make Chicken Cordon Bleu</h2>
<p>Preheat oven to 350 degrees F (175 degrees C). Coat a 7&#215;11-inch baking dish with nonstick cooking spray.</p>
<p>Pound chicken breasts to 1/4 inch thickness.</p>
<p>Sprinkle each piece of chicken on both sides with salt and pepper. Place 1 Swiss cheese slice and 1 ham slice on top of each breast. Roll up each breast, and secure with a toothpick. Place in the prepared baking dish, and sprinkle chicken evenly with bread crumbs.</p>
<p>Bake in the preheated oven until chicken is no longer pink, 30 to 35 minutes.</p>
<p>Remove from the oven, and place 1/2 Swiss cheese slice on top of each breast. Return to the oven until cheese has melted, 3 to 5 minutes. Remove toothpicks and serve immediately.</p>
<p>ALLRECIPES MAGAZINE</p>
<h2>Nutrition</h2>
<p>419<br />
Calories<br />
19g<br />
Fat<br />
13g<br />
Carbs<br />
46g<br />
Protein</p>
<h2>More Details</h2>
<p>Prep Time:<br />
10 mins<br />
Cook Time:<br />
35 mins<br />
Total Time:<br />
45 mins<br />
Servings:<br />
4<br />
Yield:<br />
4 servings</p>
<p>&nbsp;</p>
<p>Source: allrecipes.com</p>
<p>&nbsp;</p>
<p>&nbsp;</p>
<p>The post <a rel="nofollow" href="/how-to-cook-chicken-cordon-bleu-food-recipe/">How to Cook Chicken Cordon Bleu &#8211; Food Recipe</a> appeared first on <a rel="nofollow" href="/">Chicken Recipe Today</a>.</p>
]]></content:encoded>
					
					<wfw:commentRss>/how-to-cook-chicken-cordon-bleu-food-recipe/feed/</wfw:commentRss>
			<slash:comments>0</slash:comments>
		
		
			</item>
		<item>
		<title>How to Cook Easy Paella &#8211; Food Recipe</title>
		<link>/how-to-cook-easy-paella-food-recipe/</link>
					<comments>/how-to-cook-easy-paella-food-recipe/#respond</comments>
		
		<dc:creator><![CDATA[Mia]]></dc:creator>
		<pubDate>Fri, 11 Nov 2022 14:50:17 +0000</pubDate>
				<category><![CDATA[SPANISH]]></category>
		<guid isPermaLink="false">/how-to-cook-easy-paella-food-recipe/</guid>

					<description><![CDATA[<p>Ingredients: 2 tablespoons olive oil 1 tablespoon ground paprika 2 teaspoons dried oregano salt and ground black pepper to taste&#160;[&#8230;]</p>
<p>The post <a rel="nofollow" href="/how-to-cook-easy-paella-food-recipe/">How to Cook Easy Paella &#8211; Food Recipe</a> appeared first on <a rel="nofollow" href="/">Chicken Recipe Today</a>.</p>
]]></description>
										<content:encoded><![CDATA[<p><img decoding="async" src="https://imagesvc.meredithcorp.io/v3/mm/image?url=https%3A%2F%2Fimages.media-allrecipes.com%2Fuserphotos%2F8253233.jpg&#038;q=60&#038;c=sc&#038;orient=true&#038;poi=auto&#038;h=512" alt="Easy Paella recipe" /></p>
<h2>Ingredients:</h2>
<p>2 tablespoons olive oil</p>
<p>1 tablespoon ground paprika</p>
<p>2 teaspoons dried oregano</p>
<p>salt and ground black pepper to taste</p>
<h2>How to Make Easy Paella</h2>
<p>Mix olive oil, paprika, oregano, salt, and pepper for marinade in a glass bowl.</p>
<p>Begin paella: Add chicken and stir to coat. Cover and refrigerate until needed.</p>
<p>Heat 2 tablespoons olive oil in a large skillet or paella pan over medium heat. Stir in garlic and pepper flakes, then stir in rice. Cook and stir until rice is coated with oil, about 3 minutes.</p>
<p>Add saffron threads, bay leaf, parsley, chicken stock, and lemon zest. Stir until well combined and bring to a boil. Reduce heat to medium-low, cover, and simmer for 20 minutes.</p>
<p>While the rice is cooking, heat olive oil in a separate skillet over medium heat. Stir in marinated chicken and cook for 3 minutes. Add onion and cook until translucent, about 5 minutes.</p>
<p>Add bell pepper and sausage; cook and stir, breaking sausage up with a spatula, for 5 minutes. Add shrimp; cook and stir until shrimp are bright pink on the outside and the meat is opaque, about 2 minutes.</p>
<p>Spread rice mixture onto a serving tray. Top with meat and seafood mixture.</p>
<p>DOTDASH MEREDITH FOOD STUDIOS</p>
<h2>Nutrition</h2>
<p>736<br />
Calories<br />
35g<br />
Fat<br />
46g<br />
Carbs<br />
56g<br />
Protein</p>
<h2>More Details</h2>
<p>Prep Time:<br />
30 mins<br />
Cook Time:<br />
30 mins<br />
Total Time:<br />
1 hrs<br />
Servings:<br />
8</p>
<p>&nbsp;</p>
<p>Source: allrecipes.com</p>
<p>&nbsp;</p>
<p>&nbsp;</p>
<p>The post <a rel="nofollow" href="/how-to-cook-easy-paella-food-recipe/">How to Cook Easy Paella &#8211; Food Recipe</a> appeared first on <a rel="nofollow" href="/">Chicken Recipe Today</a>.</p>
]]></content:encoded>
					
					<wfw:commentRss>/how-to-cook-easy-paella-food-recipe/feed/</wfw:commentRss>
			<slash:comments>0</slash:comments>
		
		
			</item>
		<item>
		<title>How to Cook Quick and Easy Pancit &#8211; Food Recipe</title>
		<link>/how-to-cook-quick-and-easy-pancit-food-recipe/</link>
					<comments>/how-to-cook-quick-and-easy-pancit-food-recipe/#respond</comments>
		
		<dc:creator><![CDATA[Mia]]></dc:creator>
		<pubDate>Fri, 11 Nov 2022 14:50:17 +0000</pubDate>
				<category><![CDATA[CUISINE]]></category>
		<guid isPermaLink="false">/how-to-cook-quick-and-easy-pancit-food-recipe/</guid>

					<description><![CDATA[<p>Ingredients: 1 (12 ounce) package dried rice noodles 1 teaspoon vegetable oil 1 onion, finely diced 3 cloves garlic, minced&#160;[&#8230;]</p>
<p>The post <a rel="nofollow" href="/how-to-cook-quick-and-easy-pancit-food-recipe/">How to Cook Quick and Easy Pancit &#8211; Food Recipe</a> appeared first on <a rel="nofollow" href="/">Chicken Recipe Today</a>.</p>
]]></description>
										<content:encoded><![CDATA[<p><img decoding="async" src="https://imagesvc.meredithcorp.io/v3/mm/image?url=https%3A%2F%2Fpublic-assets.meredithcorp.io%2F8f02d6adc0ffc4bd852eef00e4653aab%2F166223735174321346-21AE-483A-AE6A-F698BBC38AFA.jpeg&#038;q=60&#038;c=sc&#038;orient=true&#038;poi=auto&#038;h=512" alt="Quick and Easy Pancit recipe" /></p>
<h2>Ingredients:</h2>
<p>1 (12 ounce) package dried rice noodles</p>
<p>1 teaspoon vegetable oil</p>
<p>1 onion, finely diced</p>
<p>3 cloves garlic, minced</p>
<p>2 cups diced cooked chicken breast meat</p>
<p>1 small head cabbage, thinly sliced</p>
<p>4 carrot, thinly sliced</p>
<p>¼ cup soy sauce</p>
<p>2 lemons &#8211; cut into wedges, for garnish</p>
<h2>How to Make Quick and Easy Pancit</h2>
<p>Place rice noodles in a large bowl; cover with warm water and let soften for 8 to 10 minutes. Drain and set aside.</p>
<p>Meanwhile, heat oil in a wok or large skillet over medium-low heat. Add onion and garlic; cook and stir until onion is tender, about 3 to 5 minutes. Stir in chicken, cabbage, carrots, and soy sauce. Cook until cabbage begins to soften. Toss in noodles and cook, stirring constantly, until heated through.</p>
<p>Transfer pancit to a serving dish and garnish with lemon wedges.</p>
<p>PAULA GOLETA</p>
<h2>Nutrition</h2>
<p>369<br />
Calories<br />
5g<br />
Fat<br />
65g<br />
Carbs<br />
18g<br />
Protein</p>
<h2>More Details</h2>
<p>Prep Time:<br />
15 mins<br />
Cook Time:<br />
15 mins<br />
Total Time:<br />
30 mins<br />
Servings:<br />
6</p>
<p>&nbsp;</p>
<p>Source: allrecipes.com</p>
<p>&nbsp;</p>
<p>&nbsp;</p>
<p>The post <a rel="nofollow" href="/how-to-cook-quick-and-easy-pancit-food-recipe/">How to Cook Quick and Easy Pancit &#8211; Food Recipe</a> appeared first on <a rel="nofollow" href="/">Chicken Recipe Today</a>.</p>
]]></content:encoded>
					
					<wfw:commentRss>/how-to-cook-quick-and-easy-pancit-food-recipe/feed/</wfw:commentRss>
			<slash:comments>0</slash:comments>
		
		
			</item>
		<item>
		<title>How to Cook Best Chicken Salad &#8211; Food Recipe</title>
		<link>/how-to-cook-best-chicken-salad-food-recipe/</link>
					<comments>/how-to-cook-best-chicken-salad-food-recipe/#respond</comments>
		
		<dc:creator><![CDATA[Mia]]></dc:creator>
		<pubDate>Fri, 11 Nov 2022 14:50:17 +0000</pubDate>
				<category><![CDATA[MEAT AND POULTRY]]></category>
		<guid isPermaLink="false">/how-to-cook-best-chicken-salad-food-recipe/</guid>

					<description><![CDATA[<p>Ingredients: ½ cup blanched slivered almonds ½ cup mayonnaise 1 tablespoon lemon juice ¼ teaspoon ground black pepper 2 cups&#160;[&#8230;]</p>
<p>The post <a rel="nofollow" href="/how-to-cook-best-chicken-salad-food-recipe/">How to Cook Best Chicken Salad &#8211; Food Recipe</a> appeared first on <a rel="nofollow" href="/">Chicken Recipe Today</a>.</p>
]]></description>
										<content:encoded><![CDATA[<p><img decoding="async" src="https://imagesvc.meredithcorp.io/v3/mm/image?url=https%3A%2F%2Fpublic-assets.meredithcorp.io%2F8af315130ec81aca08d47c5ab3aa3a39%2F1647806387ChickenSalad.jpg&#038;q=60&#038;c=sc&#038;orient=true&#038;poi=auto&#038;h=512" alt="Best Chicken Salad recipe" /></p>
<h2>Ingredients:</h2>
<p>½ cup blanched slivered almonds</p>
<p>½ cup mayonnaise</p>
<p>1 tablespoon lemon juice</p>
<p>¼ teaspoon ground black pepper</p>
<p>2 cups chopped, cooked chicken meat</p>
<p>1 stalk celery, chopped</p>
<h2>How to Make Best Chicken Salad</h2>
<p>Place almonds in a frying pan. Toast over medium-high heat, shaking frequently. Watch carefully, as they burn easily.</p>
<p>Mix together mayonnaise, lemon juice, and pepper in a medium bowl. Toss with chicken, toasted almonds, and celery.</p>
<p>DOTDASH MEREDITH FOOD STUDIOS</p>
<h2>Nutrition</h2>
<p>779<br />
Calories<br />
63g<br />
Fat<br />
8g<br />
Carbs<br />
44g<br />
Protein</p>
<h2>More Details</h2>
<p>Prep Time:<br />
5 mins<br />
Cook Time:<br />
5 mins<br />
Total Time:<br />
10 mins<br />
Servings:<br />
2</p>
<p>&nbsp;</p>
<p>Source: allrecipes.com</p>
<p>&nbsp;</p>
<p>&nbsp;</p>
<p>The post <a rel="nofollow" href="/how-to-cook-best-chicken-salad-food-recipe/">How to Cook Best Chicken Salad &#8211; Food Recipe</a> appeared first on <a rel="nofollow" href="/">Chicken Recipe Today</a>.</p>
]]></content:encoded>
					
					<wfw:commentRss>/how-to-cook-best-chicken-salad-food-recipe/feed/</wfw:commentRss>
			<slash:comments>0</slash:comments>
		
		
			</item>
		<item>
		<title>How to Cook Juicy Roasted Chicken &#8211; Food Recipe</title>
		<link>/how-to-cook-juicy-roasted-chicken-food-recipe/</link>
					<comments>/how-to-cook-juicy-roasted-chicken-food-recipe/#respond</comments>
		
		<dc:creator><![CDATA[Mia]]></dc:creator>
		<pubDate>Fri, 11 Nov 2022 14:50:17 +0000</pubDate>
				<category><![CDATA[MEAT AND POULTRY]]></category>
		<guid isPermaLink="false">/how-to-cook-juicy-roasted-chicken-food-recipe/</guid>

					<description><![CDATA[<p>Ingredients: 1 (3 pound) whole chicken, giblets removed salt and black pepper to taste 1 tablespoon onion powder, or to&#160;[&#8230;]</p>
<p>The post <a rel="nofollow" href="/how-to-cook-juicy-roasted-chicken-food-recipe/">How to Cook Juicy Roasted Chicken &#8211; Food Recipe</a> appeared first on <a rel="nofollow" href="/">Chicken Recipe Today</a>.</p>
]]></description>
										<content:encoded><![CDATA[<p><img decoding="async" src="https://imagesvc.meredithcorp.io/v3/mm/image?url=https%3A%2F%2Fpublic-assets.meredithcorp.io%2Fbdf865b4d77722a35014031c737edd61%2F1661815195PXL_20220829_231732934.jpg&#038;q=60&#038;c=sc&#038;orient=true&#038;poi=auto&#038;h=512" alt="Juicy Roasted Chicken recipe" /></p>
<h2>Ingredients:</h2>
<p>1 (3 pound) whole chicken, giblets removed</p>
<p>salt and black pepper to taste</p>
<p>1 tablespoon onion powder, or to taste</p>
<p>½ cup butter or margarine</p>
<p>1 stalk celery, leaves removed</p>
<h2>How to Make Juicy Roasted Chicken</h2>
<p>Preheat the oven to 350 degrees F (175 degrees C).</p>
<p>Place chicken in a roasting pan; season generously inside and out with onion powder, salt, and pepper. Place 3 tablespoons of butter in chicken cavity; arrange dollops of remaining butter on the outside of chicken. Cut celery into 3 or 4 pieces; place in the chicken cavity.</p>
<p>Bake chicken uncovered in the preheated oven until no longer pink at the bone and the juices run clear, about 1 hour and 15 minutes. An instant-read thermometer inserted into the thickest part of the thigh, near the bone, should read 165 degrees F (74 degrees C).</p>
<p>Remove from the oven and baste with drippings. Cover with aluminum foil and allow to rest for about 30 minutes before serving.</p>
<p>MEREDITH FOOD STUDIO</p>
<h2>Nutrition</h2>
<p>423<br />
Calories<br />
32g<br />
Fat<br />
1g<br />
Carbs<br />
31g<br />
Protein</p>
<h2>More Details</h2>
<p>Prep Time:<br />
15 mins<br />
Cook Time:<br />
1 hrs 15 mins<br />
Additional Time:<br />
30 mins<br />
Total Time:<br />
2 hrs<br />
Servings:<br />
6</p>
<p>&nbsp;</p>
<p>Source: allrecipes.com</p>
<p>&nbsp;</p>
<p>&nbsp;</p>
<p>The post <a rel="nofollow" href="/how-to-cook-juicy-roasted-chicken-food-recipe/">How to Cook Juicy Roasted Chicken &#8211; Food Recipe</a> appeared first on <a rel="nofollow" href="/">Chicken Recipe Today</a>.</p>
]]></content:encoded>
					
					<wfw:commentRss>/how-to-cook-juicy-roasted-chicken-food-recipe/feed/</wfw:commentRss>
			<slash:comments>0</slash:comments>
		
		
			</item>
		<item>
		<title>How to Cook Asian Orange Chicken &#8211; Food Recipe</title>
		<link>/how-to-cook-asian-orange-chicken-food-recipe/</link>
					<comments>/how-to-cook-asian-orange-chicken-food-recipe/#respond</comments>
		
		<dc:creator><![CDATA[Mia]]></dc:creator>
		<pubDate>Fri, 11 Nov 2022 14:50:17 +0000</pubDate>
				<category><![CDATA[CHINESE]]></category>
		<guid isPermaLink="false">/how-to-cook-asian-orange-chicken-food-recipe/</guid>

					<description><![CDATA[<p>Ingredients: 1 ½ cups water ⅓ cup rice vinegar ¼ cup lemon juice 2 ½ tablespoons soy sauce 2 tablespoons&#160;[&#8230;]</p>
<p>The post <a rel="nofollow" href="/how-to-cook-asian-orange-chicken-food-recipe/">How to Cook Asian Orange Chicken &#8211; Food Recipe</a> appeared first on <a rel="nofollow" href="/">Chicken Recipe Today</a>.</p>
]]></description>
										<content:encoded><![CDATA[<p><img decoding="async" src="https://imagesvc.meredithcorp.io/v3/mm/image?url=https%3A%2F%2Fpublic-assets.meredithcorp.io%2Fb681a399af63c4462bee9b9f3dc56aba%2F1656284680orange.jpg&#038;q=60&#038;c=sc&#038;orient=true&#038;poi=auto&#038;h=512" alt="Asian Orange Chicken recipe" /></p>
<h2>Ingredients:</h2>
<p>1 ½ cups water</p>
<p>⅓ cup rice vinegar</p>
<p>¼ cup lemon juice</p>
<p>2 ½ tablespoons soy sauce</p>
<p>2 tablespoons orange juice</p>
<p>1 cup packed brown sugar</p>
<p>2 tablespoons chopped green onion</p>
<p>1 tablespoon grated orange zest</p>
<p>½ teaspoon minced fresh ginger root</p>
<p>½ teaspoon minced garlic</p>
<p>¼ teaspoon red pepper flakes</p>
<p>3 tablespoons cornstarch</p>
<p>2 tablespoons water</p>
<h2>How to Make Asian Orange Chicken</h2>
<p>Combine water, rice vinegar, lemon juice, soy sauce, and orange juice for sauce into a saucepan over medium-high heat. Stir in brown sugar, green onion, orange zest, ginger, garlic, and pepper flakes; bring to a boil. Remove from heat, and cool for 10 to 15 minutes.</p>
<p>Place chicken in a resealable plastic bag. Pour in 1 cup cooled sauce. Seal the bag, and refrigerate for at least 2 hours. Reserve the remaining sauce.</p>
<p>Mix flour, salt, and pepper in another resealable plastic bag.</p>
<p>Remove chicken from the marinade and place into the bag of seasoned flour. Seal the bag and shake to coat.</p>
<p>Heat the olive oil in a large skillet over medium heat. Cook chicken in the hot skillet until browned on both sides. Remove to a paper towel-lined plate and cover with aluminum foil. Wipe out the skillet.</p>
<p>Pour reserved sauce into the skillet and bring to a boil over medium-high heat.</p>
<p>Mix together cornstarch and water until completely smooth. Stir into the boiling sauce. Reduce heat to medium-low, add the chicken, and simmer, stirring occasionally, until cooked through, about 5 minutes.</p>
<p>DOTDASH MEREDITH FOOD STUDIOS</p>
<h2>Nutrition</h2>
<p>445<br />
Calories<br />
11g<br />
Fat<br />
69g<br />
Carbs<br />
18g<br />
Protein</p>
<h2>More Details</h2>
<p>Prep Time:<br />
20 mins<br />
Cook Time:<br />
20 mins<br />
Additional Time:<br />
2 hrs 10 mins<br />
Total Time:<br />
2 hrs 50 mins<br />
Servings:<br />
4</p>
<p>&nbsp;</p>
<p>Source: allrecipes.com</p>
<p>&nbsp;</p>
<p>&nbsp;</p>
<p>The post <a rel="nofollow" href="/how-to-cook-asian-orange-chicken-food-recipe/">How to Cook Asian Orange Chicken &#8211; Food Recipe</a> appeared first on <a rel="nofollow" href="/">Chicken Recipe Today</a>.</p>
]]></content:encoded>
					
					<wfw:commentRss>/how-to-cook-asian-orange-chicken-food-recipe/feed/</wfw:commentRss>
			<slash:comments>0</slash:comments>
		
		
			</item>
		<item>
		<title>How to Cook Chicken Katsu &#8211; Food Recipe</title>
		<link>/how-to-cook-chicken-katsu-food-recipe/</link>
					<comments>/how-to-cook-chicken-katsu-food-recipe/#respond</comments>
		
		<dc:creator><![CDATA[Mia]]></dc:creator>
		<pubDate>Fri, 11 Nov 2022 14:50:17 +0000</pubDate>
				<category><![CDATA[CHICKEN]]></category>
		<guid isPermaLink="false">/how-to-cook-chicken-katsu-food-recipe/</guid>

					<description><![CDATA[<p>Ingredients: 4 skinless, boneless chicken breast halves &#8211; pounded to 1/2 inch thickness salt and pepper to taste 2 tablespoons&#160;[&#8230;]</p>
<p>The post <a rel="nofollow" href="/how-to-cook-chicken-katsu-food-recipe/">How to Cook Chicken Katsu &#8211; Food Recipe</a> appeared first on <a rel="nofollow" href="/">Chicken Recipe Today</a>.</p>
]]></description>
										<content:encoded><![CDATA[<p><img decoding="async" src="https://imagesvc.meredithcorp.io/v3/mm/image?url=https%3A%2F%2Fpublic-assets.meredithcorp.io%2Faac4f130c170a89298ce40417808ac4f%2F1664068535IMG_2438.jpeg&#038;q=60&#038;c=sc&#038;orient=true&#038;poi=auto&#038;h=512" alt="Chicken Katsu recipe" /></p>
<h2>Ingredients:</h2>
<p>4 skinless, boneless chicken breast halves &#8211; pounded to 1/2 inch thickness</p>
<p>salt and pepper to taste</p>
<p>2 tablespoons all-purpose flour</p>
<p>1 egg, beaten</p>
<p>1 cup panko bread crumbs</p>
<p>1 cup oil for frying, or as needed</p>
<h2>How to Make Chicken Katsu</h2>
<p>Season chicken breasts on both sides with salt and pepper. Place flour, beaten egg, and panko crumbs into separate shallow dishes. Coat chicken breasts in flour, shaking off any excess; dip into egg, and then press into panko crumbs until well coated on both sides.</p>
<p>Heat oil in a large skillet over medium-high heat. Place chicken in the hot oil, and fry until golden brown, 3 or 4 minutes per side. Transfer to a paper towel-lined plate to drain.</p>
<p>MITSUHA KIRIGAIJA</p>
<h2>Nutrition</h2>
<p>297<br />
Calories<br />
11g<br />
Fat<br />
22g<br />
Carbs<br />
31g<br />
Protein</p>
<h2>More Details</h2>
<p>Prep Time:<br />
15 mins<br />
Cook Time:<br />
10 mins<br />
Total Time:<br />
25 mins<br />
Servings:<br />
4</p>
<p>&nbsp;</p>
<p>Source: allrecipes.com</p>
<p>&nbsp;</p>
<p>&nbsp;</p>
<p>The post <a rel="nofollow" href="/how-to-cook-chicken-katsu-food-recipe/">How to Cook Chicken Katsu &#8211; Food Recipe</a> appeared first on <a rel="nofollow" href="/">Chicken Recipe Today</a>.</p>
]]></content:encoded>
					
					<wfw:commentRss>/how-to-cook-chicken-katsu-food-recipe/feed/</wfw:commentRss>
			<slash:comments>0</slash:comments>
		
		
			</item>
	</channel>
</rss>
