<?xml version="1.0" encoding="UTF-8"?><rss version="2.0"
	xmlns:content="http://purl.org/rss/1.0/modules/content/"
	xmlns:wfw="http://wellformedweb.org/CommentAPI/"
	xmlns:dc="http://purl.org/dc/elements/1.1/"
	xmlns:atom="http://www.w3.org/2005/Atom"
	xmlns:sy="http://purl.org/rss/1.0/modules/syndication/"
	xmlns:slash="http://purl.org/rss/1.0/modules/slash/"
	>

<channel>
	<title>SAVORY PIE RECIPES &#8211; Chicken Recipe Today</title>
	<atom:link href="/category/savory-pie-recipes/feed/" rel="self" type="application/rss+xml" />
	<link>/</link>
	<description>Today Chicken Yesterday Chicken</description>
	<lastBuildDate>Fri, 11 Nov 2022 14:50:15 +0000</lastBuildDate>
	<language>en-US</language>
	<sy:updatePeriod>
	hourly	</sy:updatePeriod>
	<sy:updateFrequency>
	1	</sy:updateFrequency>
	<generator>https://wordpress.org/?v=6.1</generator>
	<item>
		<title>How to Cook Chicken Pot Pie &#8211; Food Recipe</title>
		<link>/how-to-cook-chicken-pot-pie-food-recipe/</link>
					<comments>/how-to-cook-chicken-pot-pie-food-recipe/#respond</comments>
		
		<dc:creator><![CDATA[Mia]]></dc:creator>
		<pubDate>Fri, 11 Nov 2022 14:50:15 +0000</pubDate>
				<category><![CDATA[SAVORY PIE RECIPES]]></category>
		<guid isPermaLink="false">/how-to-cook-chicken-pot-pie-food-recipe/</guid>

					<description><![CDATA[<p>Ingredients: 1 pound skinless, boneless chicken breast halves &#8211; cubed 1 cup sliced carrots 1 cup frozen green peas ½&#160;[&#8230;]</p>
<p>The post <a rel="nofollow" href="/how-to-cook-chicken-pot-pie-food-recipe/">How to Cook Chicken Pot Pie &#8211; Food Recipe</a> appeared first on <a rel="nofollow" href="/">Chicken Recipe Today</a>.</p>
]]></description>
										<content:encoded><![CDATA[<p><img decoding="async" src="https://imagesvc.meredithcorp.io/v3/mm/image?url=https%3A%2F%2Fpublic-assets.meredithcorp.io%2F29317e44bcfe5ebc21fd48e0e95495f8%2F166783876758520221106_182920.jpg&#038;q=60&#038;c=sc&#038;orient=true&#038;poi=auto&#038;h=512" alt="Chicken Pot Pie recipe" /></p>
<h2>Ingredients:</h2>
<p>1 pound skinless, boneless chicken breast halves &#8211; cubed</p>
<p>1 cup sliced carrots</p>
<p>1 cup frozen green peas</p>
<p>½ cup sliced celery</p>
<p>⅓ cup butter</p>
<p>⅓ cup chopped onion</p>
<p>⅓ cup all-purpose flour</p>
<p>½ teaspoon salt</p>
<p>¼ teaspoon black pepper</p>
<p>¼ teaspoon celery seed</p>
<p>1 ¾ cups chicken broth</p>
<p>⅔ cup milk</p>
<p>2 (9 inch) unbaked pie crusts</p>
<h2>How to Make Chicken Pot Pie</h2>
<p>Preheat the oven to 425 degrees F (220 degrees C.)</p>
<p>Combine chicken, carrots, peas, and celery in a saucepan; add water to cover and bring to a boil. Boil for 15 minutes, then remove from the heat and drain.</p>
<p>While the chicken is cooking, melt butter in another saucepan over medium heat. Add onion and cook until soft and translucent, 5 to 7 minutes. Stir in flour, salt, pepper, and celery seed. Slowly stir in chicken broth and milk. Reduce heat to medium-low and simmer until thick, 5 to 10 minutes. Remove from heat and set aside.</p>
<p>Place chicken and vegetables in the bottom pie crust. Pour hot liquid mixture over top. Cover with top crust, seal the edges, and cut away any excess dough. Make several small slits in the top crust to allow steam to escape.</p>
<p>Bake in the preheated oven until pastry is golden brown and filling is bubbly, 30 to 35 minutes. Cool for 10 minutes before serving.</p>
<p>DOTDASH MEREDITH FOOD STUDIOS</p>
<h2>Nutrition</h2>
<p>412<br />
Calories<br />
24g<br />
Fat<br />
30g<br />
Carbs<br />
18g<br />
Protein</p>
<h2>More Details</h2>
<p>Prep Time:<br />
20 mins<br />
Cook Time:<br />
50 mins<br />
Additional Time:<br />
10 mins<br />
Total Time:<br />
1 hrs 20 mins<br />
Servings:<br />
8<br />
Yield:<br />
1 9-inch pie</p>
<p>&nbsp;</p>
<p>Source: allrecipes.com</p>
<p>&nbsp;</p>
<p>&nbsp;</p>
<p>The post <a rel="nofollow" href="/how-to-cook-chicken-pot-pie-food-recipe/">How to Cook Chicken Pot Pie &#8211; Food Recipe</a> appeared first on <a rel="nofollow" href="/">Chicken Recipe Today</a>.</p>
]]></content:encoded>
					
					<wfw:commentRss>/how-to-cook-chicken-pot-pie-food-recipe/feed/</wfw:commentRss>
			<slash:comments>0</slash:comments>
		
		
			</item>
		<item>
		<title>How to Cook Mom&#039;s Fabulous Chicken Pot Pie with Biscuit Crust &#8211; Food Recipe</title>
		<link>/how-to-cook-moms-fabulous-chicken-pot-pie-with-biscuit-crust-food-recipe/</link>
					<comments>/how-to-cook-moms-fabulous-chicken-pot-pie-with-biscuit-crust-food-recipe/#respond</comments>
		
		<dc:creator><![CDATA[Mia]]></dc:creator>
		<pubDate>Fri, 11 Nov 2022 14:50:13 +0000</pubDate>
				<category><![CDATA[SAVORY PIE RECIPES]]></category>
		<guid isPermaLink="false">/how-to-cook-moms-fabulous-chicken-pot-pie-with-biscuit-crust-food-recipe/</guid>

					<description><![CDATA[<p>Ingredients: ¼ cup butter 1 small onion, chopped 3 medium celery ribs, chopped 3 medium carrots, chopped ⅔ cup frozen&#160;[&#8230;]</p>
<p>The post <a rel="nofollow" href="/how-to-cook-moms-fabulous-chicken-pot-pie-with-biscuit-crust-food-recipe/">How to Cook Mom&#039;s Fabulous Chicken Pot Pie with Biscuit Crust &#8211; Food Recipe</a> appeared first on <a rel="nofollow" href="/">Chicken Recipe Today</a>.</p>
]]></description>
										<content:encoded><![CDATA[<p><img decoding="async" src="https://imagesvc.meredithcorp.io/v3/mm/image?url=https%3A%2F%2Fpublic-assets.meredithcorp.io%2F1ef4edaa25b31b6522a7b436c82f1965%2F166665862008820221024_200142.jpg&#038;q=60&#038;c=sc&#038;orient=true&#038;poi=auto&#038;h=512" alt="Mom&#39;s Fabulous Chicken Pot Pie with Biscuit Crust recipe" /></p>
<h2>Ingredients:</h2>
<p>¼ cup butter</p>
<p>1 small onion, chopped</p>
<p>3 medium celery ribs, chopped</p>
<p>3 medium carrots, chopped</p>
<p>⅔ cup frozen peas</p>
<p>3 tablespoons chopped fresh parsley</p>
<p>¼ teaspoon dried thyme</p>
<p>¼ cup all-purpose flour</p>
<p>2 cups lower-sodium chicken broth</p>
<p>⅔ cup half-and-half cream</p>
<p>salt and ground black pepper to taste</p>
<p>3 cups cooked chicken, cut into bite-size pieces</p>
<p>1 (16.3 ounce) can refrigerated flaky-style biscuits (such as Pillsbury Grands®)</p>
<p>1 large egg yolk, beaten</p>
<p>1 tablespoon water</p>
<h2>How to Make Mom&#39;s Fabulous Chicken Pot Pie with Biscuit Crust</h2>
<p>Preheat the oven to 350 degrees F (175 degrees C).</p>
<p>Melt butter in a skillet over medium-low heat. Add onion, celery, and carrots and cook, stirring occasionally, until tender, about 15 minutes.</p>
<p>Stir in peas, flour, parsley, and thyme and cook, stirring constantly, until the flour coats the vegetables and begins to fry, about 5 minutes.</p>
<p>Whisk in chicken broth and half-and-half, and cook until the sauce is thick and bubbling. Stir in cooked chicken, and season with salt and pepper.</p>
<p>Transfer chicken, vegetables, and sauce into a 7&#215;11-inch baking dish. Arrange biscuits on top of the filling.</p>
<p>Beat egg yolk with water in a small bowl. Brush mixture over the biscuits.</p>
<p>Bake in the preheated oven until the biscuits are golden brown and the pie filling is bubbly, 20 to 25 minutes.</p>
<p>Remove from the oven and let rest for 10 minutes before serving.</p>
<p>DOTDASH MEREDITH FOOD STUDIOS</p>
<h2>Nutrition</h2>
<p>412<br />
Calories<br />
23g<br />
Fat<br />
30g<br />
Carbs<br />
20g<br />
Protein</p>
<h2>More Details</h2>
<p>Prep Time:<br />
20 mins<br />
Cook Time:<br />
40 mins<br />
Additional Time:<br />
10 mins<br />
Total Time:<br />
1 hrs 10 mins<br />
Servings:<br />
8<br />
Yield:<br />
1 7&#215;11-inch pot pie</p>
<p>&nbsp;</p>
<p>Source: allrecipes.com</p>
<p>&nbsp;</p>
<p>&nbsp;</p>
<p>The post <a rel="nofollow" href="/how-to-cook-moms-fabulous-chicken-pot-pie-with-biscuit-crust-food-recipe/">How to Cook Mom&#039;s Fabulous Chicken Pot Pie with Biscuit Crust &#8211; Food Recipe</a> appeared first on <a rel="nofollow" href="/">Chicken Recipe Today</a>.</p>
]]></content:encoded>
					
					<wfw:commentRss>/how-to-cook-moms-fabulous-chicken-pot-pie-with-biscuit-crust-food-recipe/feed/</wfw:commentRss>
			<slash:comments>0</slash:comments>
		
		
			</item>
	</channel>
</rss>
