<?xml version="1.0" encoding="UTF-8"?><rss version="2.0"
	xmlns:content="http://purl.org/rss/1.0/modules/content/"
	xmlns:wfw="http://wellformedweb.org/CommentAPI/"
	xmlns:dc="http://purl.org/dc/elements/1.1/"
	xmlns:atom="http://www.w3.org/2005/Atom"
	xmlns:sy="http://purl.org/rss/1.0/modules/syndication/"
	xmlns:slash="http://purl.org/rss/1.0/modules/slash/"
	>

<channel>
	<title>SOUP RECIPES &#8211; Chicken Recipe Today</title>
	<atom:link href="/category/soup-recipes/feed/" rel="self" type="application/rss+xml" />
	<link>/</link>
	<description>Today Chicken Yesterday Chicken</description>
	<lastBuildDate>Fri, 11 Nov 2022 14:50:17 +0000</lastBuildDate>
	<language>en-US</language>
	<sy:updatePeriod>
	hourly	</sy:updatePeriod>
	<sy:updateFrequency>
	1	</sy:updateFrequency>
	<generator>https://wordpress.org/?v=6.1</generator>
	<item>
		<title>How to Cook Slow Cooker Chicken and Dumplings &#8211; Food Recipe</title>
		<link>/how-to-cook-slow-cooker-chicken-and-dumplings-food-recipe/</link>
					<comments>/how-to-cook-slow-cooker-chicken-and-dumplings-food-recipe/#respond</comments>
		
		<dc:creator><![CDATA[Mia]]></dc:creator>
		<pubDate>Fri, 11 Nov 2022 14:50:17 +0000</pubDate>
				<category><![CDATA[SOUP RECIPES]]></category>
		<guid isPermaLink="false">/how-to-cook-slow-cooker-chicken-and-dumplings-food-recipe/</guid>

					<description><![CDATA[<p>Ingredients: 4 skinless, boneless chicken breast halves 2 tablespoons butter 2 (10.5 ounce) cans condensed cream of chicken soup 1&#160;[&#8230;]</p>
<p>The post <a rel="nofollow" href="/how-to-cook-slow-cooker-chicken-and-dumplings-food-recipe/">How to Cook Slow Cooker Chicken and Dumplings &#8211; Food Recipe</a> appeared first on <a rel="nofollow" href="/">Chicken Recipe Today</a>.</p>
]]></description>
										<content:encoded><![CDATA[<p><img decoding="async" src="https://imagesvc.meredithcorp.io/v3/mm/image?url=https%3A%2F%2Fpublic-assets.meredithcorp.io%2Fb9ac7707ddf858cfbdfa1ae1360faf6e%2F1658610161IMG-20220723-WA0005.jpeg&#038;q=60&#038;c=sc&#038;orient=true&#038;poi=auto&#038;h=512" alt="Slow Cooker Chicken and Dumplings recipe" /></p>
<h2>Ingredients:</h2>
<p>4 skinless, boneless chicken breast halves</p>
<p>2 tablespoons butter</p>
<p>2 (10.5 ounce) cans condensed cream of chicken soup</p>
<p>1 medium onion, finely diced</p>
<p>1 (10 ounce) package refrigerated biscuit dough</p>
<p>2 cups water, or as needed to cover</p>
<h2>How to Make Slow Cooker Chicken and Dumplings</h2>
<p>Place chicken, condensed soup, onion, and butter in a slow cooker. Add enough water to cover.</p>
<p>Cover and cook for 5 to 6 hours on High.</p>
<p>About 30 minutes before serving, tear biscuit dough into pieces. Place dough in the slow cooker. Cook until dough is no longer raw in the center.</p>
<p>MEREDITH FOOD STUDIOS</p>
<h2>Nutrition</h2>
<p>385<br />
Calories<br />
18g<br />
Fat<br />
37g<br />
Carbs<br />
18g<br />
Protein</p>
<h2>More Details</h2>
<p>Prep Time:<br />
10 mins<br />
Cook Time:<br />
5 hrs<br />
Total Time:<br />
5 hrs 10 mins<br />
Servings:<br />
8</p>
<p>&nbsp;</p>
<p>Source: allrecipes.com</p>
<p>&nbsp;</p>
<p>&nbsp;</p>
<p>The post <a rel="nofollow" href="/how-to-cook-slow-cooker-chicken-and-dumplings-food-recipe/">How to Cook Slow Cooker Chicken and Dumplings &#8211; Food Recipe</a> appeared first on <a rel="nofollow" href="/">Chicken Recipe Today</a>.</p>
]]></content:encoded>
					
					<wfw:commentRss>/how-to-cook-slow-cooker-chicken-and-dumplings-food-recipe/feed/</wfw:commentRss>
			<slash:comments>0</slash:comments>
		
		
			</item>
		<item>
		<title>How to Cook Quick and Easy Chicken Noodle Soup &#8211; Food Recipe</title>
		<link>/how-to-cook-quick-and-easy-chicken-noodle-soup-food-recipe/</link>
					<comments>/how-to-cook-quick-and-easy-chicken-noodle-soup-food-recipe/#respond</comments>
		
		<dc:creator><![CDATA[Mia]]></dc:creator>
		<pubDate>Fri, 11 Nov 2022 14:50:15 +0000</pubDate>
				<category><![CDATA[SOUP RECIPES]]></category>
		<guid isPermaLink="false">/how-to-cook-quick-and-easy-chicken-noodle-soup-food-recipe/</guid>

					<description><![CDATA[<p>Ingredients: 1 tablespoon butter ½ cup chopped onion ½ cup chopped celery 4 (14.5 ounce) cans chicken broth 1 (14.5&#160;[&#8230;]</p>
<p>The post <a rel="nofollow" href="/how-to-cook-quick-and-easy-chicken-noodle-soup-food-recipe/">How to Cook Quick and Easy Chicken Noodle Soup &#8211; Food Recipe</a> appeared first on <a rel="nofollow" href="/">Chicken Recipe Today</a>.</p>
]]></description>
										<content:encoded><![CDATA[<p><img decoding="async" src="https://imagesvc.meredithcorp.io/v3/mm/image?url=https%3A%2F%2Fpublic-assets.meredithcorp.io%2Fe215aecff305e057fa75176d9fe3184b%2F165773433816577343142791532567674955436972.jpg&#038;q=60&#038;c=sc&#038;orient=true&#038;poi=auto&#038;h=512" alt="Quick and Easy Chicken Noodle Soup recipe" /></p>
<h2>Ingredients:</h2>
<p>1 tablespoon butter</p>
<p>½ cup chopped onion</p>
<p>½ cup chopped celery</p>
<p>4 (14.5 ounce) cans chicken broth</p>
<p>1 (14.5 ounce) can vegetable broth</p>
<p>½ pound chopped cooked chicken breast</p>
<p>1 ½ cups egg noodles</p>
<p>1 cup sliced carrots</p>
<p>½ teaspoon dried basil</p>
<p>½ teaspoon dried oregano</p>
<p>salt and ground black pepper to taste</p>
<h2>How to Make Quick and Easy Chicken Noodle Soup</h2>
<p>Melt butter in a large pot over medium heat. Add onion and celery and cook until just tender, about 5 minutes.</p>
<p>Add chicken broth, vegetable broth, chicken, egg noodles, carrots, basil, oregano, salt, and pepper. Stir to combine and bring to a boil.</p>
<p>Reduce heat and simmer for 20 minutes.</p>
<p>ALLRECIPES</p>
<h2>Nutrition</h2>
<p>162<br />
Calories<br />
6g<br />
Fat<br />
12g<br />
Carbs<br />
13g<br />
Protein</p>
<h2>More Details</h2>
<p>Prep Time:<br />
10 mins<br />
Cook Time:<br />
30 mins<br />
Total Time:<br />
40 mins<br />
Servings:<br />
6</p>
<p>&nbsp;</p>
<p>Source: allrecipes.com</p>
<p>&nbsp;</p>
<p>&nbsp;</p>
<p>The post <a rel="nofollow" href="/how-to-cook-quick-and-easy-chicken-noodle-soup-food-recipe/">How to Cook Quick and Easy Chicken Noodle Soup &#8211; Food Recipe</a> appeared first on <a rel="nofollow" href="/">Chicken Recipe Today</a>.</p>
]]></content:encoded>
					
					<wfw:commentRss>/how-to-cook-quick-and-easy-chicken-noodle-soup-food-recipe/feed/</wfw:commentRss>
			<slash:comments>0</slash:comments>
		
		
			</item>
	</channel>
</rss>
