<?xml version="1.0" encoding="UTF-8"?><rss version="2.0"
	xmlns:content="http://purl.org/rss/1.0/modules/content/"
	xmlns:wfw="http://wellformedweb.org/CommentAPI/"
	xmlns:dc="http://purl.org/dc/elements/1.1/"
	xmlns:atom="http://www.w3.org/2005/Atom"
	xmlns:sy="http://purl.org/rss/1.0/modules/syndication/"
	xmlns:slash="http://purl.org/rss/1.0/modules/slash/"
	>

<channel>
	<title>ASIAN &#8211; Chicken Recipe Today</title>
	<atom:link href="/category/asian/feed/" rel="self" type="application/rss+xml" />
	<link>/</link>
	<description>Today Chicken Yesterday Chicken</description>
	<lastBuildDate>Fri, 11 Nov 2022 14:50:15 +0000</lastBuildDate>
	<language>en-US</language>
	<sy:updatePeriod>
	hourly	</sy:updatePeriod>
	<sy:updateFrequency>
	1	</sy:updateFrequency>
	<generator>https://wordpress.org/?v=6.1</generator>
	<item>
		<title>How to Cook Spicy Thai Basil Chicken (Pad Krapow Gai) &#8211; Food Recipe</title>
		<link>/how-to-cook-spicy-thai-basil-chicken-pad-krapow-gai-food-recipe/</link>
					<comments>/how-to-cook-spicy-thai-basil-chicken-pad-krapow-gai-food-recipe/#respond</comments>
		
		<dc:creator><![CDATA[Mia]]></dc:creator>
		<pubDate>Fri, 11 Nov 2022 14:50:15 +0000</pubDate>
				<category><![CDATA[ASIAN]]></category>
		<guid isPermaLink="false">/how-to-cook-spicy-thai-basil-chicken-pad-krapow-gai-food-recipe/</guid>

					<description><![CDATA[<p>Ingredients: ⅓ cup chicken broth 1 tablespoon oyster sauce 1 tablespoon soy sauce, or as needed 2 teaspoons fish sauce&#160;[&#8230;]</p>
<p>The post <a rel="nofollow" href="/how-to-cook-spicy-thai-basil-chicken-pad-krapow-gai-food-recipe/">How to Cook Spicy Thai Basil Chicken (Pad Krapow Gai) &#8211; Food Recipe</a> appeared first on <a rel="nofollow" href="/">Chicken Recipe Today</a>.</p>
]]></description>
										<content:encoded><![CDATA[<p><img decoding="async" src="https://imagesvc.meredithcorp.io/v3/mm/image?url=https%3A%2F%2Fpublic-assets.meredithcorp.io%2Fc4fbbfdde63efce1a15a33521e96467b%2F1663784416EF7ADD45-93C2-496B-9B6F-020F8BA5747E.jpeg&#038;q=60&#038;c=sc&#038;orient=true&#038;poi=auto&#038;h=512" alt="Spicy Thai Basil Chicken (Pad Krapow Gai) recipe" /></p>
<h2>Ingredients:</h2>
<p>⅓ cup chicken broth</p>
<p>1 tablespoon oyster sauce</p>
<p>1 tablespoon soy sauce, or as needed</p>
<p>2 teaspoons fish sauce</p>
<p>1 teaspoon white sugar</p>
<p>1 teaspoon brown sugar</p>
<p>2 tablespoons vegetable oil</p>
<p>1 pound skinless, boneless chicken thighs, coarsely chopped</p>
<p>¼ cup sliced shallots</p>
<p>4 cloves garlic, minced</p>
<p>2 tablespoons minced Thai chilies, Serrano, or other hot pepper</p>
<p>1 cup very thinly sliced fresh basil leaves</p>
<p>2 cups hot cooked rice</p>
<h2>How to Make Spicy Thai Basil Chicken (Pad Krapow Gai)</h2>
<p>Whisk chicken broth, oyster sauce, soy sauce, fish sauce, white sugar, and brown sugar together in a bowl until well blended.</p>
<p>Heat large skillet over high heat. Drizzle in oil. Add chicken and stir fry until it loses its raw color, 2 to 3 minutes. Stir in shallots, garlic, and sliced chilies. Continue cooking on high heat until some of the juices start to caramelize in the bottom of the pan, about 2 or 3 more minutes. Add about a tablespoon of the sauce mixture to the skillet; cook and stir until sauce begins to caramelize, about 1 minute.</p>
<p>Pour in the rest of the sauce. Cook and stir until sauce has deglazed the bottom of the pan. Continue to cook until sauce glazes onto the meat, 1 or 2 more minutes. Remove from heat.</p>
<p>Stir in basil. Cook and stir until basil is wilted, about 20 seconds. Serve with rice.</p>
<p>CHEF JOHN</p>
<h2>Nutrition</h2>
<p>715<br />
Calories<br />
30g<br />
Fat<br />
59g<br />
Carbs<br />
50g<br />
Protein</p>
<h2>More Details</h2>
<p>Prep Time:<br />
15 mins<br />
Cook Time:<br />
10 mins<br />
Total Time:<br />
25 mins<br />
Servings:<br />
2<br />
Yield:<br />
2 servings</p>
<p>&nbsp;</p>
<p>Source: allrecipes.com</p>
<p>&nbsp;</p>
<p>&nbsp;</p>
<p>The post <a rel="nofollow" href="/how-to-cook-spicy-thai-basil-chicken-pad-krapow-gai-food-recipe/">How to Cook Spicy Thai Basil Chicken (Pad Krapow Gai) &#8211; Food Recipe</a> appeared first on <a rel="nofollow" href="/">Chicken Recipe Today</a>.</p>
]]></content:encoded>
					
					<wfw:commentRss>/how-to-cook-spicy-thai-basil-chicken-pad-krapow-gai-food-recipe/feed/</wfw:commentRss>
			<slash:comments>0</slash:comments>
		
		
			</item>
	</channel>
</rss>
