<?xml version="1.0" encoding="UTF-8"?><rss version="2.0"
	xmlns:content="http://purl.org/rss/1.0/modules/content/"
	xmlns:wfw="http://wellformedweb.org/CommentAPI/"
	xmlns:dc="http://purl.org/dc/elements/1.1/"
	xmlns:atom="http://www.w3.org/2005/Atom"
	xmlns:sy="http://purl.org/rss/1.0/modules/syndication/"
	xmlns:slash="http://purl.org/rss/1.0/modules/slash/"
	>

<channel>
	<title>BBQ &amp; GRILLING &#8211; Chicken Recipe Today</title>
	<atom:link href="/category/bbq-grilling/feed/" rel="self" type="application/rss+xml" />
	<link>/</link>
	<description>Today Chicken Yesterday Chicken</description>
	<lastBuildDate>Fri, 11 Nov 2022 14:50:17 +0000</lastBuildDate>
	<language>en-US</language>
	<sy:updatePeriod>
	hourly	</sy:updatePeriod>
	<sy:updateFrequency>
	1	</sy:updateFrequency>
	<generator>https://wordpress.org/?v=6.1</generator>
	<item>
		<title>How to Cook Yummy Honey Chicken Kabobs &#8211; Food Recipe</title>
		<link>/how-to-cook-yummy-honey-chicken-kabobs-food-recipe/</link>
					<comments>/how-to-cook-yummy-honey-chicken-kabobs-food-recipe/#respond</comments>
		
		<dc:creator><![CDATA[Mia]]></dc:creator>
		<pubDate>Fri, 11 Nov 2022 14:50:17 +0000</pubDate>
				<category><![CDATA[BBQ & GRILLING]]></category>
		<guid isPermaLink="false">/how-to-cook-yummy-honey-chicken-kabobs-food-recipe/</guid>

					<description><![CDATA[<p>Ingredients: ⅓ cup honey ⅓ cup soy sauce ¼ cup vegetable oil ¼ teaspoon ground black pepper How to Make&#160;[&#8230;]</p>
<p>The post <a rel="nofollow" href="/how-to-cook-yummy-honey-chicken-kabobs-food-recipe/">How to Cook Yummy Honey Chicken Kabobs &#8211; Food Recipe</a> appeared first on <a rel="nofollow" href="/">Chicken Recipe Today</a>.</p>
]]></description>
										<content:encoded><![CDATA[<p><img decoding="async" src="https://imagesvc.meredithcorp.io/v3/mm/image?url=https%3A%2F%2Fpublic-assets.meredithcorp.io%2F27145d77acae45d1ace7bd59b6033891%2F16535192608CBEF2B0-CCB2-4893-B6CE-393E49F55D7B.jpeg&#038;q=60&#038;c=sc&#038;orient=true&#038;poi=auto&#038;h=512" alt="Yummy Honey Chicken Kabobs recipe" /></p>
<h2>Ingredients:</h2>
<p>⅓ cup honey</p>
<p>⅓ cup soy sauce</p>
<p>¼ cup vegetable oil</p>
<p>¼ teaspoon ground black pepper</p>
<h2>How to Make Yummy Honey Chicken Kabobs</h2>
<p>Whisk together honey, soy sauce, oil, and black pepper for marinade in a large glass bowl. Remove 1/4 cup of the marinade to a small jar; seal and set aside to use while cooking.</p>
<p>Add chicken, onions, bell peppers, and garlic to the marinade in the large bowl. Cover and marinate in the refrigerator for 2 hours or overnight.</p>
<p>When ready to cook, preheat an outdoor grill for high heat and lightly oil the grate.</p>
<p>Drain marinade from the chicken and vegetables, and discard marinade. Thread chicken and vegetables alternately onto skewers.</p>
<p>Place kabobs on the preheated grill. Cook, turning frequently and brushing with the reserved marinade, until the chicken is no longer pink in the middle and the juices run clear, 12 to 15 minutes total.</p>
<h2>Nutrition</h2>
<p>179<br />
Calories<br />
7g<br />
Fat<br />
12g<br />
Carbs<br />
17g<br />
Protein</p>
<h2>More Details</h2>
<p>Prep Time:<br />
15 mins<br />
Cook Time:<br />
15 mins<br />
Additional Time:<br />
2 hrs<br />
Total Time:<br />
2 hrs 30 mins<br />
Servings:<br />
12</p>
<p>&nbsp;</p>
<p>Source: allrecipes.com</p>
<p>&nbsp;</p>
<p>&nbsp;</p>
<p>The post <a rel="nofollow" href="/how-to-cook-yummy-honey-chicken-kabobs-food-recipe/">How to Cook Yummy Honey Chicken Kabobs &#8211; Food Recipe</a> appeared first on <a rel="nofollow" href="/">Chicken Recipe Today</a>.</p>
]]></content:encoded>
					
					<wfw:commentRss>/how-to-cook-yummy-honey-chicken-kabobs-food-recipe/feed/</wfw:commentRss>
			<slash:comments>0</slash:comments>
		
		
			</item>
	</channel>
</rss>
