<?xml version="1.0" encoding="UTF-8"?><rss version="2.0"
	xmlns:content="http://purl.org/rss/1.0/modules/content/"
	xmlns:wfw="http://wellformedweb.org/CommentAPI/"
	xmlns:dc="http://purl.org/dc/elements/1.1/"
	xmlns:atom="http://www.w3.org/2005/Atom"
	xmlns:sy="http://purl.org/rss/1.0/modules/syndication/"
	xmlns:slash="http://purl.org/rss/1.0/modules/slash/"
	>

<channel>
	<title>MEXICAN &#8211; Chicken Recipe Today</title>
	<atom:link href="/category/mexican/feed/" rel="self" type="application/rss+xml" />
	<link>/</link>
	<description>Today Chicken Yesterday Chicken</description>
	<lastBuildDate>Fri, 11 Nov 2022 14:50:13 +0000</lastBuildDate>
	<language>en-US</language>
	<sy:updatePeriod>
	hourly	</sy:updatePeriod>
	<sy:updateFrequency>
	1	</sy:updateFrequency>
	<generator>https://wordpress.org/?v=6.1</generator>
	<item>
		<title>How to Cook Chicken Quesadillas &#8211; Food Recipe</title>
		<link>/how-to-cook-chicken-quesadillas-food-recipe/</link>
					<comments>/how-to-cook-chicken-quesadillas-food-recipe/#respond</comments>
		
		<dc:creator><![CDATA[Mia]]></dc:creator>
		<pubDate>Fri, 11 Nov 2022 14:50:13 +0000</pubDate>
				<category><![CDATA[MEXICAN]]></category>
		<guid isPermaLink="false">/how-to-cook-chicken-quesadillas-food-recipe/</guid>

					<description><![CDATA[<p>Ingredients: 1 pound skinless, boneless chicken breast, diced 1 (1.27 ounce) packet fajita seasoning 1 tablespoon vegetable oil 2 green&#160;[&#8230;]</p>
<p>The post <a rel="nofollow" href="/how-to-cook-chicken-quesadillas-food-recipe/">How to Cook Chicken Quesadillas &#8211; Food Recipe</a> appeared first on <a rel="nofollow" href="/">Chicken Recipe Today</a>.</p>
]]></description>
										<content:encoded><![CDATA[<p><img decoding="async" src="https://imagesvc.meredithcorp.io/v3/mm/image?url=https%3A%2F%2Fpublic-assets.meredithcorp.io%2F68c8534d63b6bcf63b6fcc6a4bae3cab%2F1667259675273Quesidillas.jpg&#038;q=60&#038;c=sc&#038;orient=true&#038;poi=auto&#038;h=512" alt="Chicken Quesadillas recipe" /></p>
<h2>Ingredients:</h2>
<p>1 pound skinless, boneless chicken breast, diced</p>
<p>1 (1.27 ounce) packet fajita seasoning</p>
<p>1 tablespoon vegetable oil</p>
<p>2 green bell peppers, chopped</p>
<p>2 red bell peppers, chopped</p>
<p>1 onion, chopped</p>
<p>10 (10 inch) flour tortillas</p>
<p>1 (8 ounce) package shredded Cheddar cheese</p>
<p>1 (8 ounce) package shredded Monterey Jack cheese</p>
<p>1 tablespoon bacon bits</p>
<h2>How to Make Chicken Quesadillas</h2>
<p>Preheat the broiler. Lightly grease a baking sheet.</p>
<p>Toss chicken with fajita seasoning, then spread onto the prepared baking sheet. Place under the broiler and cook until chicken is cooked through and no longer pink in the center, about 5 minutes.</p>
<p>Preheat the oven to 350 degrees F (175 degrees C).</p>
<p>Heat oil in a large saucepan over medium heat. Stir in bell peppers, onion, and broiled chicken. Cook and stir until vegetables have softened, about 10 minutes.</p>
<p>Layer half of each tortilla with chicken and vegetable mixture, Cheddar cheese, Monterey Jack cheese, and bacon bits. Fold tortillas in half and place onto a baking sheet.</p>
<p>Bake quesadillas in the preheated oven until cheeses have melted, about 10 minutes. Cut each quesadilla into wedges and serve.</p>
<p>SOUPLOVINGNICOLE</p>
<h2>Nutrition</h2>
<p>472<br />
Calories<br />
22g<br />
Fat<br />
40g<br />
Carbs<br />
28g<br />
Protein</p>
<h2>More Details</h2>
<p>Prep Time:<br />
20 mins<br />
Cook Time:<br />
25 mins<br />
Total Time:<br />
45 mins<br />
Servings:<br />
10</p>
<p>&nbsp;</p>
<p>Source: allrecipes.com</p>
<p>&nbsp;</p>
<p>&nbsp;</p>
<p>The post <a rel="nofollow" href="/how-to-cook-chicken-quesadillas-food-recipe/">How to Cook Chicken Quesadillas &#8211; Food Recipe</a> appeared first on <a rel="nofollow" href="/">Chicken Recipe Today</a>.</p>
]]></content:encoded>
					
					<wfw:commentRss>/how-to-cook-chicken-quesadillas-food-recipe/feed/</wfw:commentRss>
			<slash:comments>0</slash:comments>
		
		
			</item>
	</channel>
</rss>
