<?xml version="1.0" encoding="UTF-8"?><rss version="2.0"
	xmlns:content="http://purl.org/rss/1.0/modules/content/"
	xmlns:wfw="http://wellformedweb.org/CommentAPI/"
	xmlns:dc="http://purl.org/dc/elements/1.1/"
	xmlns:atom="http://www.w3.org/2005/Atom"
	xmlns:sy="http://purl.org/rss/1.0/modules/syndication/"
	xmlns:slash="http://purl.org/rss/1.0/modules/slash/"
	>

<channel>
	<title>COOKWARE AND EQUIPMENT &#8211; Chicken Recipe Today</title>
	<atom:link href="/category/cookware-and-equipment/feed/" rel="self" type="application/rss+xml" />
	<link>/</link>
	<description>Today Chicken Yesterday Chicken</description>
	<lastBuildDate>Fri, 11 Nov 2022 14:50:15 +0000</lastBuildDate>
	<language>en-US</language>
	<sy:updatePeriod>
	hourly	</sy:updatePeriod>
	<sy:updateFrequency>
	1	</sy:updateFrequency>
	<generator>https://wordpress.org/?v=6.1</generator>
	<item>
		<title>How to Cook Air Fryer Chicken Thighs &#8211; Food Recipe</title>
		<link>/how-to-cook-air-fryer-chicken-thighs-food-recipe/</link>
					<comments>/how-to-cook-air-fryer-chicken-thighs-food-recipe/#respond</comments>
		
		<dc:creator><![CDATA[Mia]]></dc:creator>
		<pubDate>Fri, 11 Nov 2022 14:50:15 +0000</pubDate>
				<category><![CDATA[COOKWARE AND EQUIPMENT]]></category>
		<guid isPermaLink="false">/how-to-cook-air-fryer-chicken-thighs-food-recipe/</guid>

					<description><![CDATA[<p>Ingredients: 4 skin-on, boneless chicken thighs 2 teaspoons extra-virgin olive oil 1 teaspoon smoked paprika ¾ teaspoon garlic powder ½&#160;[&#8230;]</p>
<p>The post <a rel="nofollow" href="/how-to-cook-air-fryer-chicken-thighs-food-recipe/">How to Cook Air Fryer Chicken Thighs &#8211; Food Recipe</a> appeared first on <a rel="nofollow" href="/">Chicken Recipe Today</a>.</p>
]]></description>
										<content:encoded><![CDATA[<p><img decoding="async" src="https://imagesvc.meredithcorp.io/v3/mm/image?url=https%3A%2F%2Fpublic-assets.meredithcorp.io%2Fc221f7b85fbc5337dd3d9042375664e6%2F1660702373226DCC5B-C40F-43EC-8983-F440DA166BC3.jpeg&#038;q=60&#038;c=sc&#038;orient=true&#038;poi=auto&#038;h=512" alt="Air Fryer Chicken Thighs recipe" /></p>
<h2>Ingredients:</h2>
<p>4 skin-on, boneless chicken thighs</p>
<p>2 teaspoons extra-virgin olive oil</p>
<p>1 teaspoon smoked paprika</p>
<p>¾ teaspoon garlic powder</p>
<p>½ teaspoon salt</p>
<p>½ teaspoon ground black pepper</p>
<h2>How to Make Air Fryer Chicken Thighs</h2>
<p>Preheat an air fryer to 400 degrees F (200 degrees C).</p>
<p>Pat chicken thighs dry with a paper towel and brush skins with olive oil. Place chicken thighs, skin-side down, in a single layer on a plate.</p>
<p>Combine smoked paprika, garlic powder, salt, and pepper in a bowl. Sprinkle 1/2 of the seasoning mixture evenly over thighs. Turn thighs over and evenly sprinkle with remaining seasoning. Arrange thighs, skin-side up, in a single layer in the air fryer basket.</p>
<p>Cook in the preheated air fryer until thighs are brown and the juices run clear, about 18 minutes. An instant-read thermometer inserted into the center should read at least 165 degrees F (74 degrees C).</p>
<p>ALLRECIPES</p>
<h2>Nutrition</h2>
<p>213<br />
Calories<br />
14g<br />
Fat<br />
1g<br />
Carbs<br />
19g<br />
Protein</p>
<h2>More Details</h2>
<p>Prep Time:<br />
10 mins<br />
Cook Time:<br />
20 mins<br />
Total Time:<br />
30 mins<br />
Servings:<br />
4</p>
<p>&nbsp;</p>
<p>Source: allrecipes.com</p>
<p>&nbsp;</p>
<p>&nbsp;</p>
<p>The post <a rel="nofollow" href="/how-to-cook-air-fryer-chicken-thighs-food-recipe/">How to Cook Air Fryer Chicken Thighs &#8211; Food Recipe</a> appeared first on <a rel="nofollow" href="/">Chicken Recipe Today</a>.</p>
]]></content:encoded>
					
					<wfw:commentRss>/how-to-cook-air-fryer-chicken-thighs-food-recipe/feed/</wfw:commentRss>
			<slash:comments>0</slash:comments>
		
		
			</item>
	</channel>
</rss>
